path	disposition	lines	reason
.editorconfig	KEEP	19	エディタ設定
.gitattributes	KEEP	24	改行コード固定
.github/ISSUE_TEMPLATE/bug_report.md	DELETE	21	Actionsは停止中。旧運用のテンプレートとCI。必要になったら簡単なCIを新設
.github/ISSUE_TEMPLATE/design_question.md	DELETE	19	Actionsは停止中。旧運用のテンプレートとCI。必要になったら簡単なCIを新設
.github/PULL_REQUEST_TEMPLATE.md	DELETE	23	Actionsは停止中。旧運用のテンプレートとCI。必要になったら簡単なCIを新設
.github/workflows/ci-cleanup-apply.yml	DELETE	118	Actionsは停止中。旧運用のテンプレートとCI。必要になったら簡単なCIを新設
.github/workflows/ci.yml	DELETE	183	Actionsは停止中。旧運用のテンプレートとCI。必要になったら簡単なCIを新設
.gitignore	EDIT	35	ゲーム出力先(games/)を追加
AGENTS.md	EDIT	169	1ページの新ルールへ全面置換
CONTRIBUTING.md	DELETE	111	旧6役割の運用説明
Docs/PUBLISH_CHECKLIST.md	DELETE	73	公開手順チェックリスト（旧運用）
Docs/ai/ARCHITECTURE.md	DELETE	79	旧運用文書・handoff・task・設計・履歴
Docs/ai/CURRENT_STATE.md	DELETE	80	旧運用文書・handoff・task・設計・履歴
Docs/ai/GPU_MONITOR.md	DELETE	26	旧運用文書・handoff・task・設計・履歴
Docs/ai/INDEX.md	DELETE	95	旧運用文書・handoff・task・設計・履歴
Docs/ai/LOGICAL_GAME_CLOCK.md	DELETE	56	旧運用文書・handoff・task・設計・履歴
Docs/ai/MAIN_INTEGRATOR_PROMPT.md	DELETE	22	旧運用文書・handoff・task・設計・履歴
Docs/ai/MODEL_ASSIGNMENTS.md	DELETE	19	旧運用文書・handoff・task・設計・履歴
Docs/ai/OPEN_QUESTIONS.md	DELETE	56	旧運用文書・handoff・task・設計・履歴
Docs/ai/OPERATIONS.md	DELETE	224	旧運用文書・handoff・task・設計・履歴
Docs/ai/PHASE6_ACTUAL_CONTEXT_BUDGET_DESIGN.md	DELETE	147	旧運用文書・handoff・task・設計・履歴
Docs/ai/PHASE6_AI_QUALITY_CAUSE_MAP.md	DELETE	34	旧運用文書・handoff・task・設計・履歴
Docs/ai/PHASE6_CODEX_QUALITY_REPAIR_PROPOSAL.md	DELETE	199	旧運用文書・handoff・task・設計・履歴
Docs/ai/PHASE6_CODE_REVIEW_20260917.md	DELETE	207	旧運用文書・handoff・task・設計・履歴
Docs/ai/PHASE6_COMPLETION_BUDGET_DESIGN.md	DELETE	104	旧運用文書・handoff・task・設計・履歴
Docs/ai/PHASE6_MASTER_TEST_BATCHES.csv	DELETE	10	旧運用文書・handoff・task・設計・履歴
Docs/ai/PHASE6_MASTER_TEST_CATALOG.csv	DELETE	891	旧運用文書・handoff・task・設計・履歴
Docs/ai/PHASE6_MASTER_TEST_PLAN.md	DELETE	257	旧運用文書・handoff・task・設計・履歴
Docs/ai/PHASE6_MODEL_COMPARISON_20260918.md	DELETE	264	旧運用文書・handoff・task・設計・履歴
Docs/ai/PHASE6_NONE_REASON_RESULT_20260919.md	DELETE	66	旧運用文書・handoff・task・設計・履歴
Docs/ai/PHASE6_QUALITY_ENFORCEMENT_ANALYSIS_20260918.md	DELETE	281	旧運用文書・handoff・task・設計・履歴
Docs/ai/PHASE6_QUALITY_GROUNDING_DESIGN.md	DELETE	186	旧運用文書・handoff・task・設計・履歴
Docs/ai/PHASE6_R13_TEST_REPAIR_PLAN.md	DELETE	70	旧運用文書・handoff・task・設計・履歴
Docs/ai/PHASE6_R16_REVIEW_ADOPTION.md	DELETE	38	旧運用文書・handoff・task・設計・履歴
Docs/ai/PHASE6_SPEECH_ACT_NONE_PROPOSAL_20260919.md	DELETE	172	旧運用文書・handoff・task・設計・履歴
Docs/ai/PHASE6_STAGE_B_TEST_CASES.csv	DELETE	12	旧運用文書・handoff・task・設計・履歴
Docs/ai/PHASE6_STAGE_B_TEST_CASES.md	DELETE	153	旧運用文書・handoff・task・設計・履歴
Docs/ai/PHASE6_SYNTHETIC_SUITE.md	DELETE	101	旧運用文書・handoff・task・設計・履歴
Docs/ai/PHASE6_TEST_OPERATION_RESET_2026-09-14.md	DELETE	455	旧運用文書・handoff・task・設計・履歴
Docs/ai/PROMPTS.md	DELETE	18	旧運用文書・handoff・task・設計・履歴
Docs/ai/REVIEW_INBOX.md	DELETE	33	旧運用文書・handoff・task・設計・履歴
Docs/ai/ROADMAP.md	DELETE	152	旧運用文書・handoff・task・設計・履歴
Docs/ai/RUNBOOK.md	DELETE	76	旧運用文書・handoff・task・設計・履歴
Docs/ai/SPEC_REVIEW.md	DELETE	456	旧運用文書・handoff・task・設計・履歴
Docs/ai/TASKS.md	DELETE	342	旧運用文書・handoff・task・設計・履歴
Docs/ai/TEST_POLICY.md	EDIT	211	サーバ側の検証方針。冒頭のPhase 6節だけ削除
Docs/ai/TOKEN_SAVING_PROPOSAL_20260907.md	DELETE	174	旧運用文書・handoff・task・設計・履歴
Docs/ai/WORKFLOW.md	DELETE	22	旧運用文書・handoff・task・設計・履歴
Docs/ai/decisions/D001_SERVER_AUTHORITATIVE.md	KEEP	24	ゲーム・サーバ・プロトコルの決定理由（DESIGN.mdが参照）
Docs/ai/decisions/D002_ROLE_ABILITY_EFFECT_MODEL.md	KEEP	26	ゲーム・サーバ・プロトコルの決定理由（DESIGN.mdが参照）
Docs/ai/decisions/D003_ROLE_ATTRIBUTE_MODEL.md	KEEP	36	ゲーム・サーバ・プロトコルの決定理由（DESIGN.mdが参照）
Docs/ai/decisions/D004_REFERENCE_IMPLEMENTATION.md	KEEP	32	ゲーム・サーバ・プロトコルの決定理由（DESIGN.mdが参照）
Docs/ai/decisions/D005_WIN_CONDITIONS.md	KEEP	31	ゲーム・サーバ・プロトコルの決定理由（DESIGN.mdが参照）
Docs/ai/decisions/D006_RULE_OPTIONS.md	KEEP	34	ゲーム・サーバ・プロトコルの決定理由（DESIGN.mdが参照）
Docs/ai/decisions/D007_CO_AS_SYSTEM_ACTION.md	KEEP	31	ゲーム・サーバ・プロトコルの決定理由（DESIGN.mdが参照）
Docs/ai/decisions/D008_ROLE_MODIFIER.md	KEEP	45	ゲーム・サーバ・プロトコルの決定理由（DESIGN.mdが参照）
Docs/ai/decisions/D009_INITIAL_ROLE_SET.md	KEEP	56	ゲーム・サーバ・プロトコルの決定理由（DESIGN.mdが参照）
Docs/ai/decisions/D010_WISE_WEREWOLF_INFO.md	KEEP	41	ゲーム・サーバ・プロトコルの決定理由（DESIGN.mdが参照）
Docs/ai/decisions/D011_NEKOMATA_RETALIATION.md	KEEP	55	ゲーム・サーバ・プロトコルの決定理由（DESIGN.mdが参照）
Docs/ai/decisions/D012_DEATH_CAUSE.md	KEEP	49	ゲーム・サーバ・プロトコルの決定理由（DESIGN.mdが参照）
Docs/ai/decisions/D013_LOGGING_AND_REPLAY.md	KEEP	41	ゲーム・サーバ・プロトコルの決定理由（DESIGN.mdが参照）
Docs/ai/decisions/D014_DRAW.md	KEEP	35	ゲーム・サーバ・プロトコルの決定理由（DESIGN.mdが参照）
Docs/ai/decisions/D015_PHASE_MACHINE.md	KEEP	38	ゲーム・サーバ・プロトコルの決定理由（DESIGN.mdが参照）
Docs/ai/decisions/D016_NIGHT_RESOLUTION_AND_NOTIFICATION.md	KEEP	40	ゲーム・サーバ・プロトコルの決定理由（DESIGN.mdが参照）
Docs/ai/decisions/D017_ACTION_STATE_AND_PUSH.md	KEEP	77	ゲーム・サーバ・プロトコルの決定理由（DESIGN.mdが参照）
Docs/ai/decisions/D018_FIRST_NIGHT_SEER_GLOBAL_RULE.md	KEEP	25	ゲーム・サーバ・プロトコルの決定理由（DESIGN.mdが参照）
Docs/ai/decisions/D019_PASSIVE_EFFECT_PRIORITY.md	KEEP	26	ゲーム・サーバ・プロトコルの決定理由（DESIGN.mdが参照）
Docs/ai/decisions/D020_EVENT_VISIBILITY_ROUTING.md	KEEP	26	ゲーム・サーバ・プロトコルの決定理由（DESIGN.mdが参照）
Docs/ai/decisions/D021_SERVER_ONLY_EVENTS.md	KEEP	21	ゲーム・サーバ・プロトコルの決定理由（DESIGN.mdが参照）
Docs/ai/decisions/D022_PHASE_TIMING_AND_TRANSITIONS.md	KEEP	35	ゲーム・サーバ・プロトコルの決定理由（DESIGN.mdが参照）
Docs/ai/decisions/D023_VOTING_RESERVATION_AND_RESOLUTION.md	KEEP	34	ゲーム・サーバ・プロトコルの決定理由（DESIGN.mdが参照）
Docs/ai/decisions/D024_ACTION_RESERVATION_AND_NIGHT_RESOLUTION.md	KEEP	36	ゲーム・サーバ・プロトコルの決定理由（DESIGN.mdが参照）
Docs/ai/decisions/D025_CORE_SERVICE_BOUNDARIES_AND_RUNTIME_CAPABILITIES.md	KEEP	49	ゲーム・サーバ・プロトコルの決定理由（DESIGN.mdが参照）
Docs/ai/decisions/D026_WIN_EVALUATION_AND_TERMINAL_RESULT.md	KEEP	40	ゲーム・サーバ・プロトコルの決定理由（DESIGN.mdが参照）
Docs/ai/decisions/D027_PHASE1_5_RULE_DECISIONS.md	KEEP	83	ゲーム・サーバ・プロトコルの決定理由（DESIGN.mdが参照）
Docs/ai/decisions/D028_DISCONNECTION_SUDDEN_DEATH_AND_GRAVEYARD.md	KEEP	85	ゲーム・サーバ・プロトコルの決定理由（DESIGN.mdが参照）
Docs/ai/decisions/D029_NO_SELECTION_FALLBACK_ORDER.md	KEEP	38	ゲーム・サーバ・プロトコルの決定理由（DESIGN.mdが参照）
Docs/ai/decisions/D030_AVAILABLE_ACTIONS_SERVICE.md	KEEP	49	ゲーム・サーバ・プロトコルの決定理由（DESIGN.mdが参照）
Docs/ai/decisions/D031_PROTOCOL_VERSIONING_CHANNEL_SCOPE_AND_SINGLE_MODIFIER.md	KEEP	73	ゲーム・サーバ・プロトコルの決定理由（DESIGN.mdが参照）
Docs/ai/decisions/D032_PROTOCOL_ENVELOPE_DIRECTION_AND_STRICT_HEADERS.md	KEEP	33	ゲーム・サーバ・プロトコルの決定理由（DESIGN.mdが参照）
Docs/ai/decisions/D033_NETWORK_SESSION_BOUNDARY.md	KEEP	35	ゲーム・サーバ・プロトコルの決定理由（DESIGN.mdが参照）
Docs/ai/decisions/D034_LOCAL_LLM_DEV_ASSIST.md	DELETE	174	旧運用・AIクライアント・Phase6の決定記録
Docs/ai/decisions/D035_TICK_ISOLATION_AND_PLAYER_SEQUENCE.md	KEEP	29	ゲーム・サーバ・プロトコルの決定理由（DESIGN.mdが参照）
Docs/ai/decisions/D036_GAME_ID_PROTOCOL_BOUNDARY.md	KEEP	24	ゲーム・サーバ・プロトコルの決定理由（DESIGN.mdが参照）
Docs/ai/decisions/D037_DEADLINE_FREE_TICK_CONTRACT.md	KEEP	28	ゲーム・サーバ・プロトコルの決定理由（DESIGN.mdが参照）
Docs/ai/decisions/D038_CORE_TICK_PROGRESS_DISPATCH.md	KEEP	27	ゲーム・サーバ・プロトコルの決定理由（DESIGN.mdが参照）
Docs/ai/decisions/D039_EVENTBUS_WEBSOCKET_DELIVERY_BOUNDARY.md	KEEP	50	ゲーム・サーバ・プロトコルの決定理由（DESIGN.mdが参照）
Docs/ai/decisions/D040_DECLARED_CHAT_CHANNEL_PUBLICITY.md	KEEP	32	ゲーム・サーバ・プロトコルの決定理由（DESIGN.mdが参照）
Docs/ai/decisions/D041_PLAYER_ACTION_REJECTION_CODES.md	KEEP	37	ゲーム・サーバ・プロトコルの決定理由（DESIGN.mdが参照）
Docs/ai/decisions/D042_PUBLIC_ACTIVITY_COUNTER.md	KEEP	23	ゲーム・サーバ・プロトコルの決定理由（DESIGN.mdが参照）
Docs/ai/decisions/D043_LOCAL_LLM_INPUT_LENGTH_GUARDS.md	DELETE	32	旧運用・AIクライアント・Phase6の決定記録
Docs/ai/decisions/D044_CO_CLAIMABLE_AND_CHAT_TARGET.md	KEEP	91	ゲーム・サーバ・プロトコルの決定理由（DESIGN.mdが参照）
Docs/ai/decisions/D045_ABILITY_RESOLUTION.md	KEEP	29	ゲーム・サーバ・プロトコルの決定理由（DESIGN.mdが参照）
Docs/ai/decisions/D046_MEDIUM_TARGET_CAUSES.md	KEEP	24	ゲーム・サーバ・プロトコルの決定理由（DESIGN.mdが参照）
Docs/ai/decisions/D047_PLAYER_STATE_DELIVERY.md	KEEP	41	ゲーム・サーバ・プロトコルの決定理由（DESIGN.mdが参照）
Docs/ai/decisions/D048_SEAT_ENTRY_TOKEN.md	KEEP	61	ゲーム・サーバ・プロトコルの決定理由（DESIGN.mdが参照）
Docs/ai/decisions/D049_NETWORK_SEND_AND_REPLAY_RETENTION.md	KEEP	40	ゲーム・サーバ・プロトコルの決定理由（DESIGN.mdが参照）
Docs/ai/decisions/D050_PHASE2_SEPARATE_PROCESS_COMPLETION.md	KEEP	32	ゲーム・サーバ・プロトコルの決定理由（DESIGN.mdが参照）
Docs/ai/decisions/D051_IMPLEMENTATION_DESIGN_GATE.md	DELETE	102	旧運用・AIクライアント・Phase6の決定記録
Docs/ai/decisions/D052_FAIL_CLOSED_DESIGN_GATE.md	DELETE	39	旧運用・AIクライアント・Phase6の決定記録
Docs/ai/decisions/D053_TWO_REVIEWERS.md	DELETE	57	旧運用・AIクライアント・Phase6の決定記録
Docs/ai/decisions/D054_DESIGN_REQUEST_LIFECYCLE.md	DELETE	42	旧運用・AIクライアント・Phase6の決定記録
Docs/ai/decisions/D055_TRANSPORT_OBSERVATION_VIA_WORLD.md	DELETE	71	旧運用・AIクライアント・Phase6の決定記録
Docs/ai/decisions/D065_AUTODEV_FREEZE_AND_REMOVAL.md	DELETE	62	旧運用・AIクライアント・Phase6の決定記録
Docs/ai/decisions/D066_ROLE_MODEL_SEPARATION.md	DELETE	42	旧運用・AIクライアント・Phase6の決定記録
Docs/ai/decisions/D067_STANDARD_MULTI_AGENT_ROLES.md	DELETE	38	旧運用・AIクライアント・Phase6の決定記録
Docs/ai/decisions/D068_EXTERNAL_PHASE5_REVIEW_DISPOSITION_AND_ACCEPTANCE_AUTHORITY.md	DELETE	82	旧運用・AIクライアント・Phase6の決定記録
Docs/ai/decisions/D069_Q8_PHASE6_BASELINE.md	DELETE	49	旧運用・AIクライアント・Phase6の決定記録
Docs/ai/decisions/D070_ASTRA_NATIVE_HARNESS.md	DELETE	33	旧運用・AIクライアント・Phase6の決定記録
Docs/ai/decisions/D071_PHASE6_EVIDENCE_RETENTION_RESUMPTION.md	DELETE	20	旧運用・AIクライアント・Phase6の決定記録
Docs/ai/decisions/D072_PHASE6_REBASELINE.md	DELETE	60	旧運用・AIクライアント・Phase6の決定記録
Docs/ai/decisions/D073_FROZEN_MASTER_TEST_PLAN_OPERATION.md	DELETE	59	旧運用・AIクライアント・Phase6の決定記録
Docs/ai/decisions/D074_PHASE6_STRUCTURED_OUTPUT_AND_FAILURE_COLLECTION.md	DELETE	22	旧運用・AIクライアント・Phase6の決定記録
Docs/ai/decisions/D075_RISK_BASED_DISPATCH_AND_CONTEXT.md	DELETE	110	旧運用・AIクライアント・Phase6の決定記録
Docs/ai/decisions/D076_LOGICAL_GAME_CLOCK.md	DELETE	15	旧運用・AIクライアント・Phase6の決定記録
Docs/ai/decisions/D077_SYNTHETIC_QUALITY_GATE.md	DELETE	23	旧運用・AIクライアント・Phase6の決定記録
Docs/ai/decisions/TEMPLATE.md	DELETE	21	旧運用・AIクライアント・Phase6の決定記録
Docs/ai/design/ADMISSION_CLAIMED_EXPIRY_CLIENT_CLEANUP_REVISION.md	DELETE	69	旧運用文書・handoff・task・設計・履歴
Docs/ai/design/ADMISSION_DEADLINE_DRAIN_REPAIR.md	DELETE	86	旧運用文書・handoff・task・設計・履歴
Docs/ai/design/PHASE3_1_COMPLETION_EVIDENCE_DESIGN.md	DELETE	822	旧運用文書・handoff・task・設計・履歴
Docs/ai/design/PHASE3_1_COMPLETION_EVIDENCE_REQUEST.md	DELETE	322	旧運用文書・handoff・task・設計・履歴
Docs/ai/design/PHASE3_1_NETWORK_CLIENT_DESIGN.md	DELETE	715	旧運用文書・handoff・task・設計・履歴
Docs/ai/design/PHASE3_1_NETWORK_CLIENT_REQUEST.md	DELETE	221	旧運用文書・handoff・task・設計・履歴
Docs/ai/design/PHASE3_2_WORLD_STATE_MEMORY_DESIGN.md	DELETE	617	旧運用文書・handoff・task・設計・履歴
Docs/ai/design/PHASE3_2_WORLD_STATE_MEMORY_REQUEST.md	DELETE	182	旧運用文書・handoff・task・設計・履歴
Docs/ai/design/PHASE3_3_BRAIN_INTERFACE_DESIGN.md	DELETE	640	旧運用文書・handoff・task・設計・履歴
Docs/ai/design/PHASE3_3_BRAIN_INTERFACE_REQUEST.md	DELETE	122	旧運用文書・handoff・task・設計・履歴
Docs/ai/design/PHASE3_4_REACTION_CHAT_DESIGN.md	DELETE	646	旧運用文書・handoff・task・設計・履歴
Docs/ai/design/PHASE3_4_REACTION_CHAT_REQUEST.md	DELETE	182	旧運用文書・handoff・task・設計・履歴
Docs/ai/design/PHASE3_4_REACTION_TYPES_API_ADDENDUM_DRAFT.md	DELETE	161	旧運用文書・handoff・task・設計・履歴
Docs/ai/design/PHASE3_4_SERVER_RECEIPT_DEADLINE_DESIGN.md	DELETE	393	旧運用文書・handoff・task・設計・履歴
Docs/ai/design/PHASE3_4_SERVER_RECEIPT_DEADLINE_REQUEST.md	DELETE	38	旧運用文書・handoff・task・設計・履歴
Docs/ai/design/PHASE3_5_VOTE_ABILITY_CONTROLLER_DESIGN.md	DELETE	868	旧運用文書・handoff・task・設計・履歴
Docs/ai/design/PHASE3_5_VOTE_ABILITY_CONTROLLER_REQUEST.md	DELETE	42	旧運用文書・handoff・task・設計・履歴
Docs/ai/design/PHASE4_LOCAL_LLM_DESIGN.md	DELETE	941	旧運用文書・handoff・task・設計・履歴
Docs/ai/design/PHASE4_LOCAL_LLM_REQUEST.md	DELETE	86	旧運用文書・handoff・task・設計・履歴
Docs/ai/design/PHASE5_NINE_AI_AGENTS_DESIGN.md	DELETE	1628	旧運用文書・handoff・task・設計・履歴
Docs/ai/design/PHASE5_NINE_AI_AGENTS_REQUEST.md	DELETE	85	旧運用文書・handoff・task・設計・履歴
Docs/ai/design/PHASE5_Q8_PROVIDER_TIMING_DIAGNOSTIC.md	DELETE	378	旧運用文書・handoff・task・設計・履歴
Docs/ai/design/PHASE6_DISCUSSION_QUALITY_DESIGN.md	DELETE	2061	旧運用文書・handoff・task・設計・履歴
Docs/ai/design/PHASE6_DISCUSSION_QUALITY_REQUEST.md	DELETE	74	旧運用文書・handoff・task・設計・履歴
Docs/ai/design/PHASE6_EXTERNAL_CONTRACT_REPAIR.md	DELETE	199	旧運用文書・handoff・task・設計・履歴
Docs/ai/design/PHASE6_NONE_REASON_PROBE_DESIGN.md	DELETE	89	旧運用文書・handoff・task・設計・履歴
Docs/ai/design/PHASE6_OUTPUT_BUDGET_CLARIFICATION.md	DELETE	222	旧運用文書・handoff・task・設計・履歴
Docs/ai/design/PHASE6_OUTPUT_BUDGET_SELECTION.md	DELETE	64	旧運用文書・handoff・task・設計・履歴
Docs/ai/design/PHASE6_PLATFORM_VALIDATION_CLARIFICATION.md	DELETE	88	旧運用文書・handoff・task・設計・履歴
Docs/ai/design/PHASE6_PRIVATE_DIAGNOSTIC_PROVENANCE.md	DELETE	183	旧運用文書・handoff・task・設計・履歴
Docs/ai/design/PHASE6_PROVIDER_TIMEOUT_REPAIR.md	DELETE	66	旧運用文書・handoff・task・設計・履歴
Docs/ai/design/PHASE6_R10_REPAIR_DESIGN.md	DELETE	242	旧運用文書・handoff・task・設計・履歴
Docs/ai/design/PHASE6_R12_DIAGNOSTIC_DESIGN.md	DELETE	104	旧運用文書・handoff・task・設計・履歴
Docs/ai/design/PHASE6_R12_DIAGNOSTIC_P2_ASYNC_SUBPROCESS_ADDENDUM.md	DELETE	65	旧運用文書・handoff・task・設計・履歴
Docs/ai/design/PHASE6_REBASELINE_IMPLEMENTATION.md	DELETE	219	旧運用文書・handoff・task・設計・履歴
Docs/ai/design/PHASE6_SAMPLER_AND_COLLECTION_REPAIR.md	DELETE	227	旧運用文書・handoff・task・設計・履歴
Docs/ai/design/PHASE6_SCHEMA_ORDER_PROBE_DESIGN.md	DELETE	97	旧運用文書・handoff・task・設計・履歴
Docs/ai/design/PHASE6_STAGE_B_DETAILED_DESIGN.md	DELETE	187	旧運用文書・handoff・task・設計・履歴
Docs/ai/design/PHASE6_STAGE_B_R15_FREEZE_ADDENDUM.md	DELETE	92	旧運用文書・handoff・task・設計・履歴
Docs/ai/design/PHASE6_STAGE_B_R16_FREEZE_ADDENDUM.md	DELETE	193	旧運用文書・handoff・task・設計・履歴
Docs/ai/design/reviews/PHASE3_4_REACTION_CHAT_REVIEW.md	DELETE	21	旧運用文書・handoff・task・設計・履歴
Docs/ai/design/reviews/PHASE3_4_REACTION_TYPES_API_ADDENDUM_REVIEW.md	DELETE	31	旧運用文書・handoff・task・設計・履歴
Docs/ai/failures/2026-09-10_PYTHON_TEMP_SANDBOX.md	DELETE	16	旧運用文書・handoff・task・設計・履歴
Docs/ai/failures/2026-09-11_PHASE2_AUTH_READINESS_TIMEOUT.md	DELETE	60	旧運用文書・handoff・task・設計・履歴
Docs/ai/failures/2026-09-11_PHASE3_4_CROSS_SEED_FIRST_SPEAKER.md	DELETE	98	旧運用文書・handoff・task・設計・履歴
Docs/ai/failures/2026-09-11_PHASE3_5_CUMULATIVE_CHAT_TIMING.md	DELETE	72	旧運用文書・handoff・task・設計・履歴
Docs/ai/failures/2026-09-11_PHASE4_REAL_MODEL_EMPTY_ENVELOPE.md	DELETE	55	旧運用文書・handoff・task・設計・履歴
Docs/ai/failures/2026-09-11_PHASE4_REAL_SMOKE_CHAT_ACCEPTANCE_SPY.md	DELETE	40	旧運用文書・handoff・task・設計・履歴
Docs/ai/failures/2026-09-11_PHASE4_REAL_SMOKE_MAPPINGPROXY.md	DELETE	49	旧運用文書・handoff・task・設計・履歴
Docs/ai/failures/2026-09-11_PHASE4_REAL_SMOKE_MODE_CASE.md	DELETE	53	旧運用文書・handoff・task・設計・履歴
Docs/ai/failures/2026-09-11_PHASE5_ADMISSION_TERMINAL.md	DELETE	128	旧運用文書・handoff・task・設計・履歴
Docs/ai/failures/2026-09-11_PHASE5_ADMISSION_TERMINAL_R1.md	DELETE	124	旧運用文書・handoff・task・設計・履歴
Docs/ai/failures/2026-09-12_PROVIDER_STARTUP_READINESS_FLAKE.md	DELETE	16	旧運用文書・handoff・task・設計・履歴
Docs/ai/failures/2026-09-13_PHASE6_AUDIT_CAPTURE_LINKAGE.md	DELETE	39	旧運用文書・handoff・task・設計・履歴
Docs/ai/failures/2026-09-13_PHASE6_CLOSE_BIND_RACE.md	DELETE	62	旧運用文書・handoff・task・設計・履歴
Docs/ai/failures/2026-09-13_PHASE6_CURRENT_COALESCING.md	DELETE	43	旧運用文書・handoff・task・設計・履歴
Docs/ai/failures/2026-09-13_PHASE6_MANIFEST_DOUBLE_PUBLICATION.md	DELETE	46	旧運用文書・handoff・task・設計・履歴
Docs/ai/failures/2026-09-13_PHASE6_MONITORED_CONTEXT_PRECEDENCE.md	DELETE	32	旧運用文書・handoff・task・設計・履歴
Docs/ai/failures/2026-09-13_PHASE6_TEMP_EVIDENCE_RETENTION.md	DELETE	39	旧運用文書・handoff・task・設計・履歴
Docs/ai/failures/2026-09-14_PHASE6_RETENTION_PROBE_BOUNDARY.md	DELETE	38	旧運用文書・handoff・task・設計・履歴
Docs/ai/failures/2026-09-15_COMPLETED_CLAIM_RELEASE.md	DELETE	9	旧運用文書・handoff・task・設計・履歴
Docs/ai/failures/2026-09-15_DIAGNOSTIC_REGRESSION_CLAIM_TIMEOUT.md	DELETE	29	旧運用文書・handoff・task・設計・履歴
Docs/ai/failures/2026-09-15_R13_SANDBOX_FILESYSTEM.md	DELETE	23	旧運用文書・handoff・task・設計・履歴
Docs/ai/failures/2026-09-15_T312_INVOCATION_AND_COMPLETION.md	DELETE	19	旧運用文書・handoff・task・設計・履歴
Docs/ai/failures/2026-09-15_T316_PROVIDER_UNKNOWN.md	DELETE	13	旧運用文書・handoff・task・設計・履歴
Docs/ai/failures/2026-09-15_T319_TEST_EXPECTATION_AND_LAUNCH.md	DELETE	9	旧運用文書・handoff・task・設計・履歴
Docs/ai/failures/2026-09-15_T344_STAGE_B_HTTP400.md	DELETE	23	旧運用文書・handoff・task・設計・履歴
Docs/ai/failures/2026-09-15_T348_THINK_GRAMMAR_COLLISION.md	DELETE	9	旧運用文書・handoff・task・設計・履歴
Docs/ai/failures/2026-09-15_T351_REPAIR_VERIFICATION.md	DELETE	21	旧運用文書・handoff・task・設計・履歴
Docs/ai/failures/2026-09-16_ADMISSION_DEADLINE_DRAIN.md	DELETE	28	旧運用文書・handoff・task・設計・履歴
Docs/ai/failures/2026-09-16_PHASE6_QUALITY_R1_NON_COMPLETION.md	DELETE	22	旧運用文書・handoff・task・設計・履歴
Docs/ai/failures/2026-09-16_REACTION_EXTENSION_TEST_SYNCHRONIZATION.md	DELETE	10	旧運用文書・handoff・task・設計・履歴
Docs/ai/failures/2026-09-16_RECOVERY_EXECUTION_FREEZE.md	DELETE	25	旧運用文書・handoff・task・設計・履歴
Docs/ai/failures/2026-09-18_CI_PROJECTION_AND_FIXTURE.md	DELETE	48	旧運用文書・handoff・task・設計・履歴
Docs/ai/failures/2026-09-18_PHASE6_COMPLETE_EXAMPLE_IMITATION.md	DELETE	24	旧運用文書・handoff・task・設計・履歴
Docs/ai/failures/F001_SANDBOX_LOG_TEST_WRITES.md	DELETE	21	旧運用文書・handoff・task・設計・履歴
Docs/ai/failures/F002_AI_STATUS_CP932_ENCODING.md	DELETE	24	旧運用文書・handoff・task・設計・履歴
Docs/ai/failures/F003_STALE_GIT_INDEX_LOCK.md	DELETE	21	旧運用文書・handoff・task・設計・履歴
Docs/ai/failures/F004_LOCAL_LLM_EMPTY_RESPONSE.md	DELETE	32	旧運用文書・handoff・task・設計・履歴
Docs/ai/failures/F005_LOCAL_LLM_DIFF_PIPE_SURROGATE.md	DELETE	23	旧運用文書・handoff・task・設計・履歴
Docs/ai/failures/F006_PHASE3_1_COMPLETION_ACTION_REJECTIONS.md	DELETE	26	旧運用文書・handoff・task・設計・履歴
Docs/ai/failures/F007_NETWORK_WORLD_RECOVERY_BOUNDARIES.md	DELETE	122	旧運用文書・handoff・task・設計・履歴
Docs/ai/failures/F008_STAGE_B_HTTP400_TIMEOUT.md	DELETE	17	旧運用文書・handoff・task・設計・履歴
Docs/ai/failures/T389_LOGICAL_CLOCK_ACCEPTANCE.md	DELETE	30	旧運用文書・handoff・task・設計・履歴
Docs/ai/failures/T399_SMOKE_OUTPUT_PRECREATED.md	DELETE	11	旧運用文書・handoff・task・設計・履歴
Docs/ai/failures/T400_INITIAL_NIGHT_SMOKE_BUDGET.md	DELETE	13	旧運用文書・handoff・task・設計・履歴
Docs/ai/failures/T401_CONVERSATION_QUALITY.md	DELETE	13	旧運用文書・handoff・task・設計・履歴
Docs/ai/failures/T408_STRUCTURE_ONLY_QUALITY.md	DELETE	22	旧運用文書・handoff・task・設計・履歴
Docs/ai/failures/TEMPLATE.md	DELETE	17	旧運用文書・handoff・task・設計・履歴
Docs/ai/handoffs/ASTRA_MIGRATION_REPORT_2026-09-13.md	DELETE	211	旧運用文書・handoff・task・設計・履歴
Docs/ai/handoffs/EXTERNAL_REVIEW_R03_DISPOSITION.md	DELETE	132	旧運用文書・handoff・task・設計・履歴
Docs/ai/handoffs/EXTERNAL_REVIEW_R08_DISPOSITION.md	DELETE	40	旧運用文書・handoff・task・設計・履歴
Docs/ai/handoffs/EXTERNAL_REVIEW_R09_DISPOSITION.md	DELETE	33	旧運用文書・handoff・task・設計・履歴
Docs/ai/handoffs/MAIN_INTEGRATOR_EVIDENCE_RETENTION_BLOCK_2026-09-13.md	DELETE	70	旧運用文書・handoff・task・設計・履歴
Docs/ai/handoffs/MAIN_INTEGRATOR_GIT_STATUS_2026-09-13.txt	DELETE	203	旧運用文書・handoff・task・設計・履歴
Docs/ai/handoffs/MAIN_INTEGRATOR_HANDOFF_2026-09-13.md	DELETE	77	旧運用文書・handoff・task・設計・履歴
Docs/ai/handoffs/MAIN_INTEGRATOR_P6F_COMPLETION_2026-09-14.md	DELETE	88	旧運用文書・handoff・task・設計・履歴
Docs/ai/handoffs/MAIN_INTEGRATOR_PHASE6_CONTINUATION_2026-09-14.md	DELETE	54	旧運用文書・handoff・task・設計・履歴
Docs/ai/handoffs/MAIN_INTEGRATOR_PRE_EXTERNAL_AUDIT_BOARD_2026-09-14.md	DELETE	239	旧運用文書・handoff・task・設計・履歴
Docs/ai/handoffs/MAIN_INTEGRATOR_RESUMPTION_2026-09-13.md	DELETE	64	旧運用文書・handoff・task・設計・履歴
Docs/ai/handoffs/MAIN_INTEGRATOR_TEMP_BLOCKER_REPORT_2026-09-13.md	DELETE	67	旧運用文書・handoff・task・設計・履歴
Docs/ai/handoffs/MAIN_INTEGRATOR_TEST_PLAN_RESET_2026-09-14.md	DELETE	53	旧運用文書・handoff・task・設計・履歴
Docs/ai/handoffs/MULTI_AGENT_ENVIRONMENT_TRIAL.md	DELETE	68	旧運用文書・handoff・task・設計・履歴
Docs/ai/handoffs/PHASE1_HANDOFF.md	DELETE	63	旧運用文書・handoff・task・設計・履歴
Docs/ai/handoffs/PHASE2_HANDOFF.md	DELETE	73	旧運用文書・handoff・task・設計・履歴
Docs/ai/handoffs/PHASE3_1_HANDOFF.md	DELETE	122	旧運用文書・handoff・task・設計・履歴
Docs/ai/handoffs/PHASE3_2_HANDOFF.md	DELETE	85	旧運用文書・handoff・task・設計・履歴
Docs/ai/handoffs/PHASE3_3_HANDOFF.md	DELETE	116	旧運用文書・handoff・task・設計・履歴
Docs/ai/handoffs/TEMPLATE.md	DELETE	44	旧運用文書・handoff・task・設計・履歴
Docs/ai/handoffs/tasks/REVIEW_TEMPLATE.md	DELETE	16	旧運用文書・handoff・task・設計・履歴
Docs/ai/handoffs/tasks/T001_INTEGRATOR_DISPATCH.md	DELETE	101	旧運用文書・handoff・task・設計・履歴
Docs/ai/handoffs/tasks/T001_PHASE3_4_REACTION_CHAT.md	DELETE	273	旧運用文書・handoff・task・設計・履歴
Docs/ai/handoffs/tasks/T001_PHASE3_4_REACTION_CHAT_FINAL_REVIEW.md	DELETE	135	旧運用文書・handoff・task・設計・履歴
Docs/ai/handoffs/tasks/T002_PHASE3_5_VOTE_ABILITY_CONTROLLER_DESIGN.md	DELETE	101	旧運用文書・handoff・task・設計・履歴
Docs/ai/handoffs/tasks/T002_PHASE3_5_VOTE_ABILITY_CONTROLLER_DESIGN_REREVIEW.md	DELETE	146	旧運用文書・handoff・task・設計・履歴
Docs/ai/handoffs/tasks/T002_PHASE3_5_VOTE_ABILITY_CONTROLLER_DESIGN_REVIEW.md	DELETE	180	旧運用文書・handoff・task・設計・履歴
Docs/ai/handoffs/tasks/T003_T001_COMPLETION_INVESTIGATION.md	DELETE	191	旧運用文書・handoff・task・設計・履歴
Docs/ai/handoffs/tasks/T004_PHASE3_4_COMPLETION_BARRIER_FIX.md	DELETE	138	旧運用文書・handoff・task・設計・履歴
Docs/ai/handoffs/tasks/T005_PHASE2_COMPLETION_BOUNDARY_INVESTIGATION.md	DELETE	105	旧運用文書・handoff・task・設計・履歴
Docs/ai/handoffs/tasks/T006_PHASE3_4_SERVER_RECEIPT_DEADLINE_DESIGN.md	DELETE	78	旧運用文書・handoff・task・設計・履歴
Docs/ai/handoffs/tasks/T006_PHASE3_4_SERVER_RECEIPT_DEADLINE_DESIGN_REREVIEW.md	DELETE	62	旧運用文書・handoff・task・設計・履歴
Docs/ai/handoffs/tasks/T006_PHASE3_4_SERVER_RECEIPT_DEADLINE_DESIGN_REVIEW.md	DELETE	68	旧運用文書・handoff・task・設計・履歴
Docs/ai/handoffs/tasks/T007_COMPLETION_FIXTURE_TIMING_HARDENING.md	DELETE	112	旧運用文書・handoff・task・設計・履歴
Docs/ai/handoffs/tasks/T007_COMPLETION_FIXTURE_TIMING_HARDENING_REVIEW.md	DELETE	81	旧運用文書・handoff・task・設計・履歴
Docs/ai/handoffs/tasks/T007_COMPLETION_FIXTURE_TIMING_HARDENING_TEST.md	DELETE	103	旧運用文書・handoff・task・設計・履歴
Docs/ai/handoffs/tasks/T008_PHASE3_4_SERVER_RECEIPT_DEADLINE_IMPLEMENTATION.md	DELETE	132	旧運用文書・handoff・task・設計・履歴
Docs/ai/handoffs/tasks/T008_PHASE3_4_SERVER_RECEIPT_DEADLINE_REREVIEW.md	DELETE	90	旧運用文書・handoff・task・設計・履歴
Docs/ai/handoffs/tasks/T008_PHASE3_4_SERVER_RECEIPT_DEADLINE_REVIEW.md	DELETE	95	旧運用文書・handoff・task・設計・履歴
Docs/ai/handoffs/tasks/T008_PHASE3_4_SERVER_RECEIPT_DEADLINE_TEST.md	DELETE	199	旧運用文書・handoff・task・設計・履歴
Docs/ai/handoffs/tasks/T009_PHASE3_5_SERVER_PROTOCOL_ACCEPTANCE.md	DELETE	136	旧運用文書・handoff・task・設計・履歴
Docs/ai/handoffs/tasks/T009_PHASE3_5_SERVER_PROTOCOL_ACCEPTANCE_REREVIEW.md	DELETE	139	旧運用文書・handoff・task・設計・履歴
Docs/ai/handoffs/tasks/T009_PHASE3_5_SERVER_PROTOCOL_ACCEPTANCE_REVIEW.md	DELETE	138	旧運用文書・handoff・task・設計・履歴
Docs/ai/handoffs/tasks/T009_PHASE3_5_SERVER_PROTOCOL_ACCEPTANCE_TEST.md	DELETE	240	旧運用文書・handoff・task・設計・履歴
Docs/ai/handoffs/tasks/T010_PHASE3_5_CLIENT_ACCEPTANCE_OBSERVATION.md	DELETE	213	旧運用文書・handoff・task・設計・履歴
Docs/ai/handoffs/tasks/T010_PHASE3_5_CLIENT_ACCEPTANCE_OBSERVATION_R2_REVIEW.md	DELETE	127	旧運用文書・handoff・task・設計・履歴
Docs/ai/handoffs/tasks/T010_PHASE3_5_CLIENT_ACCEPTANCE_OBSERVATION_REREVIEW.md	DELETE	112	旧運用文書・handoff・task・設計・履歴
Docs/ai/handoffs/tasks/T010_PHASE3_5_CLIENT_ACCEPTANCE_OBSERVATION_REVIEW.md	DELETE	130	旧運用文書・handoff・task・設計・履歴
Docs/ai/handoffs/tasks/T010_PHASE3_5_CLIENT_ACCEPTANCE_OBSERVATION_TEST.md	DELETE	190	旧運用文書・handoff・task・設計・履歴
Docs/ai/handoffs/tasks/T011_PHASE3_5_BRAIN_ARBITER.md	DELETE	85	旧運用文書・handoff・task・設計・履歴
Docs/ai/handoffs/tasks/T011_PHASE3_5_BRAIN_ARBITER_REVIEW.md	DELETE	111	旧運用文書・handoff・task・設計・履歴
Docs/ai/handoffs/tasks/T011_PHASE3_5_BRAIN_ARBITER_TEST.md	DELETE	77	旧運用文書・handoff・task・設計・履歴
Docs/ai/handoffs/tasks/T012_PHASE3_5_VOTE_ABILITY_CONTROLLER.md	DELETE	197	旧運用文書・handoff・task・設計・履歴
Docs/ai/handoffs/tasks/T012_PHASE3_5_VOTE_ABILITY_CONTROLLER_R1_REREVIEW.md	DELETE	132	旧運用文書・handoff・task・設計・履歴
Docs/ai/handoffs/tasks/T012_PHASE3_5_VOTE_ABILITY_CONTROLLER_REVIEW.md	DELETE	35	旧運用文書・handoff・task・設計・履歴
Docs/ai/handoffs/tasks/T012_PHASE3_5_VOTE_ABILITY_CONTROLLER_TEST.md	DELETE	123	旧運用文書・handoff・task・設計・履歴
Docs/ai/handoffs/tasks/T013_PHASE2_AUTH_READINESS_FLAKE_INVESTIGATION.md	DELETE	90	旧運用文書・handoff・task・設計・履歴
Docs/ai/handoffs/tasks/T014_PHASE2_COMPLETION_PROTOCOL_FIXTURE_COMPATIBILITY.md	DELETE	79	旧運用文書・handoff・task・設計・履歴
Docs/ai/handoffs/tasks/T014_PHASE2_COMPLETION_PROTOCOL_FIXTURE_COMPATIBILITY_REVIEW.md	DELETE	104	旧運用文書・handoff・task・設計・履歴
Docs/ai/handoffs/tasks/T014_PHASE2_COMPLETION_PROTOCOL_FIXTURE_COMPATIBILITY_TEST.md	DELETE	88	旧運用文書・handoff・task・設計・履歴
Docs/ai/handoffs/tasks/T015_PHASE3_5_REVIEW_FINDINGS_R1.md	DELETE	146	旧運用文書・handoff・task・設計・履歴
Docs/ai/handoffs/tasks/T015_T016_PHASE3_5_R1_TEST.md	DELETE	129	旧運用文書・handoff・task・設計・履歴
Docs/ai/handoffs/tasks/T015_T016_T018_PHASE3_5_FINAL_TEST.md	DELETE	101	旧運用文書・handoff・task・設計・履歴
Docs/ai/handoffs/tasks/T016_PHASE3_5_COMPLETION_EVIDENCE_R1.md	DELETE	87	旧運用文書・handoff・task・設計・履歴
Docs/ai/handoffs/tasks/T017_PHASE3_5_CUMULATIVE_CHAT_FAILURE_INVESTIGATION.md	DELETE	133	旧運用文書・handoff・task・設計・履歴
Docs/ai/handoffs/tasks/T018_PHASE3_5_CHAT_WAVE_HARNESS_DETERMINIZATION.md	DELETE	118	旧運用文書・handoff・task・設計・履歴
Docs/ai/handoffs/tasks/T019_PHASE4_LOCAL_LLM_DESIGN.md	DELETE	138	旧運用文書・handoff・task・設計・履歴
Docs/ai/handoffs/tasks/T019_PHASE4_LOCAL_LLM_DESIGN_R1_REVIEW.md	DELETE	94	旧運用文書・handoff・task・設計・履歴
Docs/ai/handoffs/tasks/T019_PHASE4_LOCAL_LLM_DESIGN_R2_REVIEW.md	DELETE	80	旧運用文書・handoff・task・設計・履歴
Docs/ai/handoffs/tasks/T019_PHASE4_LOCAL_LLM_DESIGN_REVIEW.md	DELETE	128	旧運用文書・handoff・task・設計・履歴
Docs/ai/handoffs/tasks/T020_PHASE4_LLM_CONTRACTS_CONFIG.md	DELETE	92	旧運用文書・handoff・task・設計・履歴
Docs/ai/handoffs/tasks/T020_PHASE4_LLM_CONTRACTS_CONFIG_R2_REVIEW.md	DELETE	60	旧運用文書・handoff・task・設計・履歴
Docs/ai/handoffs/tasks/T020_PHASE4_LLM_CONTRACTS_CONFIG_REVIEW.md	DELETE	67	旧運用文書・handoff・task・設計・履歴
Docs/ai/handoffs/tasks/T020_PHASE4_LLM_CONTRACTS_CONFIG_TEST.md	DELETE	131	旧運用文書・handoff・task・設計・履歴
Docs/ai/handoffs/tasks/T021_PHASE4_LLM_BACKEND.md	DELETE	119	旧運用文書・handoff・task・設計・履歴
Docs/ai/handoffs/tasks/T021_PHASE4_LLM_BACKEND_REVIEW.md	DELETE	71	旧運用文書・handoff・task・設計・履歴
Docs/ai/handoffs/tasks/T021_PHASE4_LLM_BACKEND_TEST.md	DELETE	114	旧運用文書・handoff・task・設計・履歴
Docs/ai/handoffs/tasks/T022_PHASE4_AI_AUDIT_WRITER.md	DELETE	61	旧運用文書・handoff・task・設計・履歴
Docs/ai/handoffs/tasks/T022_PHASE4_AI_AUDIT_WRITER_REVIEW.md	DELETE	68	旧運用文書・handoff・task・設計・履歴
Docs/ai/handoffs/tasks/T022_PHASE4_AI_AUDIT_WRITER_TEST.md	DELETE	66	旧運用文書・handoff・task・設計・履歴
Docs/ai/handoffs/tasks/T023_PHASE4_LLM_BRAIN.md	DELETE	123	旧運用文書・handoff・task・設計・履歴
Docs/ai/handoffs/tasks/T023_PHASE4_LLM_BRAIN_REVIEW.md	DELETE	83	旧運用文書・handoff・task・設計・履歴
Docs/ai/handoffs/tasks/T023_PHASE4_LLM_BRAIN_TEST.md	DELETE	118	旧運用文書・handoff・task・設計・履歴
Docs/ai/handoffs/tasks/T024_PHASE4_COMPLETION_AND_LOCAL_SMOKE.md	DELETE	113	旧運用文書・handoff・task・設計・履歴
Docs/ai/handoffs/tasks/T024_PHASE4_COMPLETION_AND_LOCAL_SMOKE_REVIEW.md	DELETE	82	旧運用文書・handoff・task・設計・履歴
Docs/ai/handoffs/tasks/T024_PHASE4_COMPLETION_AND_LOCAL_SMOKE_TEST.md	DELETE	140	旧運用文書・handoff・task・設計・履歴
Docs/ai/handoffs/tasks/T025_PHASE4_REAL_LOCAL_SMOKE.md	DELETE	139	旧運用文書・handoff・task・設計・履歴
Docs/ai/handoffs/tasks/T026_PHASE4_SMOKE_LAUNCH_JSON_FIX.md	DELETE	58	旧運用文書・handoff・task・設計・履歴
Docs/ai/handoffs/tasks/T026_PHASE4_SMOKE_LAUNCH_JSON_FIX_REVIEW.md	DELETE	60	旧運用文書・handoff・task・設計・履歴
Docs/ai/handoffs/tasks/T026_PHASE4_SMOKE_LAUNCH_JSON_FIX_TEST.md	DELETE	60	旧運用文書・handoff・task・設計・履歴
Docs/ai/handoffs/tasks/T027_PHASE4_SMOKE_MODE_INVESTIGATION.md	DELETE	127	旧運用文書・handoff・task・設計・履歴
Docs/ai/handoffs/tasks/T028_PHASE4_SMOKE_MODE_CONTRACT_FIX.md	DELETE	60	旧運用文書・handoff・task・設計・履歴
Docs/ai/handoffs/tasks/T028_PHASE4_SMOKE_MODE_CONTRACT_FIX_REVIEW.md	DELETE	67	旧運用文書・handoff・task・設計・履歴
Docs/ai/handoffs/tasks/T028_PHASE4_SMOKE_MODE_CONTRACT_FIX_TEST.md	DELETE	68	旧運用文書・handoff・task・設計・履歴
Docs/ai/handoffs/tasks/T029_PHASE4_REAL_MODEL_ENVELOPE_INVESTIGATION.md	DELETE	167	旧運用文書・handoff・task・設計・履歴
Docs/ai/handoffs/tasks/T030_GAME_PROFILE_THINKING_DISABLE.md	DELETE	55	旧運用文書・handoff・task・設計・履歴
Docs/ai/handoffs/tasks/T030_GAME_PROFILE_THINKING_DISABLE_REVIEW.md	DELETE	96	旧運用文書・handoff・task・設計・履歴
Docs/ai/handoffs/tasks/T030_GAME_PROFILE_THINKING_DISABLE_TEST.md	DELETE	115	旧運用文書・handoff・task・設計・履歴
Docs/ai/handoffs/tasks/T031_PHASE4_CHAT_ACCEPTANCE_EVIDENCE_FIX.md	DELETE	63	旧運用文書・handoff・task・設計・履歴
Docs/ai/handoffs/tasks/T031_PHASE4_CHAT_ACCEPTANCE_EVIDENCE_FIX_REVIEW.md	DELETE	82	旧運用文書・handoff・task・設計・履歴
Docs/ai/handoffs/tasks/T031_PHASE4_CHAT_ACCEPTANCE_EVIDENCE_FIX_TEST.md	DELETE	104	旧運用文書・handoff・task・設計・履歴
Docs/ai/handoffs/tasks/T032_PHASE4_CLOSURE_REVIEW.md	DELETE	116	旧運用文書・handoff・task・設計・履歴
Docs/ai/handoffs/tasks/T032_PHASE4_FINAL_REGRESSION.md	DELETE	90	旧運用文書・handoff・task・設計・履歴
Docs/ai/handoffs/tasks/T033_PHASE5_DETAILED_DESIGN.md	DELETE	59	旧運用文書・handoff・task・設計・履歴
Docs/ai/handoffs/tasks/T033_PHASE5_DETAILED_DESIGN_REVIEW.md	DELETE	144	旧運用文書・handoff・task・設計・履歴
Docs/ai/handoffs/tasks/T034_PHASE5_DESIGN_R1.md	DELETE	52	旧運用文書・handoff・task・設計・履歴
Docs/ai/handoffs/tasks/T034_PHASE5_DESIGN_R1_REVIEW.md	DELETE	146	旧運用文書・handoff・task・設計・履歴
Docs/ai/handoffs/tasks/T035_PHASE5_DESIGN_R2.md	DELETE	64	旧運用文書・handoff・task・設計・履歴
Docs/ai/handoffs/tasks/T035_PHASE5_DESIGN_R2_REVIEW.md	DELETE	137	旧運用文書・handoff・task・設計・履歴
Docs/ai/handoffs/tasks/T036_PHASE5_SHORT_OUTPUT_CONTRACTS.md	DELETE	91	旧運用文書・handoff・task・設計・履歴
Docs/ai/handoffs/tasks/T036_PHASE5_SHORT_OUTPUT_CONTRACTS_REVIEW.md	DELETE	94	旧運用文書・handoff・task・設計・履歴
Docs/ai/handoffs/tasks/T036_PHASE5_SHORT_OUTPUT_CONTRACTS_TEST.md	DELETE	89	旧運用文書・handoff・task・設計・履歴
Docs/ai/handoffs/tasks/T037_PHASE5_LENGTH_TERMINAL_REPAIR.md	DELETE	79	旧運用文書・handoff・task・設計・履歴
Docs/ai/handoffs/tasks/T037_PHASE5_LENGTH_TERMINAL_REPAIR_REVIEW.md	DELETE	75	旧運用文書・handoff・task・設計・履歴
Docs/ai/handoffs/tasks/T037_PHASE5_LENGTH_TERMINAL_REPAIR_TEST.md	DELETE	90	旧運用文書・handoff・task・設計・履歴
Docs/ai/handoffs/tasks/T038_PHASE5_ADMISSION_BROKER.md	DELETE	150	旧運用文書・handoff・task・設計・履歴
Docs/ai/handoffs/tasks/T038_PHASE5_ADMISSION_BROKER_TEST.md	DELETE	92	旧運用文書・handoff・task・設計・履歴
Docs/ai/handoffs/tasks/T039_PHASE5_SPEAKING_FREQUENCY.md	DELETE	75	旧運用文書・handoff・task・設計・履歴
Docs/ai/handoffs/tasks/T039_PHASE5_SPEAKING_FREQUENCY_REVIEW.md	DELETE	150	旧運用文書・handoff・task・設計・履歴
Docs/ai/handoffs/tasks/T039_PHASE5_SPEAKING_FREQUENCY_TEST.md	DELETE	106	旧運用文書・handoff・task・設計・履歴
Docs/ai/handoffs/tasks/T040_PHASE5_ADMISSION_ERROR_ENVELOPE_ADDENDUM.md	DELETE	55	旧運用文書・handoff・task・設計・履歴
Docs/ai/handoffs/tasks/T040_PHASE5_ADMISSION_ERROR_ENVELOPE_ADDENDUM_REVIEW.md	DELETE	112	旧運用文書・handoff・task・設計・履歴
Docs/ai/handoffs/tasks/T041_PHASE5_FREQUENCY_INTEGRATION_ADDENDUM.md	DELETE	66	旧運用文書・handoff・task・設計・履歴
Docs/ai/handoffs/tasks/T041_PHASE5_FREQUENCY_INTEGRATION_ADDENDUM_REVIEW.md	DELETE	81	旧運用文書・handoff・task・設計・履歴
Docs/ai/handoffs/tasks/T042_PHASE5_DESIGN_STATUS_REPAIR.md	DELETE	33	旧運用文書・handoff・task・設計・履歴
Docs/ai/handoffs/tasks/T042_PHASE5_DESIGN_STATUS_REPAIR_REVIEW.md	DELETE	80	旧運用文書・handoff・task・設計・履歴
Docs/ai/handoffs/tasks/T043_PHASE5_SUCCESSOR_CANCEL_CLEANUP.md	DELETE	94	旧運用文書・handoff・task・設計・履歴
Docs/ai/handoffs/tasks/T043_PHASE5_SUCCESSOR_CANCEL_CLEANUP_REVIEW.md	DELETE	131	旧運用文書・handoff・task・設計・履歴
Docs/ai/handoffs/tasks/T043_PHASE5_SUCCESSOR_CANCEL_CLEANUP_TEST.md	DELETE	109	旧運用文書・handoff・task・設計・履歴
Docs/ai/handoffs/tasks/T044_PHASE5_FREQUENCY_REVIEW_REPAIR.md	DELETE	66	旧運用文書・handoff・task・設計・履歴
Docs/ai/handoffs/tasks/T044_PHASE5_FREQUENCY_REVIEW_REPAIR_REVIEW.md	DELETE	78	旧運用文書・handoff・task・設計・履歴
Docs/ai/handoffs/tasks/T044_PHASE5_FREQUENCY_REVIEW_REPAIR_TEST.md	DELETE	72	旧運用文書・handoff・task・設計・履歴
Docs/ai/handoffs/tasks/T045_PHASE5_BRAIN_ADMISSION.md	DELETE	126	旧運用文書・handoff・task・設計・履歴
Docs/ai/handoffs/tasks/T045_PHASE5_BRAIN_ADMISSION_REVIEW.md	DELETE	148	旧運用文書・handoff・task・設計・履歴
Docs/ai/handoffs/tasks/T045_PHASE5_BRAIN_ADMISSION_TEST.md	DELETE	87	旧運用文書・handoff・task・設計・履歴
Docs/ai/handoffs/tasks/T046_PHASE5_ACTIVE_STALE_CANCELLATION_ADDENDUM.md	DELETE	58	旧運用文書・handoff・task・設計・履歴
Docs/ai/handoffs/tasks/T046_PHASE5_ACTIVE_STALE_CANCELLATION_ADDENDUM_REVIEW.md	DELETE	112	旧運用文書・handoff・task・設計・履歴
Docs/ai/handoffs/tasks/T047_PHASE5_CANCELLATION_LIFECYCLE_R1.md	DELETE	62	旧運用文書・handoff・task・設計・履歴
Docs/ai/handoffs/tasks/T047_PHASE5_CANCELLATION_LIFECYCLE_R1_REVIEW.md	DELETE	99	旧運用文書・handoff・task・設計・履歴
Docs/ai/handoffs/tasks/T048_PHASE5_ACTIVE_STALE_CANCEL_REPAIR.md	DELETE	148	旧運用文書・handoff・task・設計・履歴
Docs/ai/handoffs/tasks/T048_PHASE5_ACTIVE_STALE_CANCEL_REPAIR_TEST.md	DELETE	160	旧運用文書・handoff・task・設計・履歴
Docs/ai/handoffs/tasks/T049_PHASE3_4_FIRST_SPEAKER_FLAKE_INVESTIGATION.md	DELETE	113	旧運用文書・handoff・task・設計・履歴
Docs/ai/handoffs/tasks/T050_PHASE5_OFFERED_MAPPING_STATUS_REPAIR.md	DELETE	107	旧運用文書・handoff・task・設計・履歴
Docs/ai/handoffs/tasks/T050_PHASE5_OFFERED_MAPPING_STATUS_REPAIR_REVIEW.md	DELETE	72	旧運用文書・handoff・task・設計・履歴
Docs/ai/handoffs/tasks/T050_PHASE5_OFFERED_MAPPING_STATUS_REPAIR_TEST.md	DELETE	90	旧運用文書・handoff・task・設計・履歴
Docs/ai/handoffs/tasks/T051_PHASE3_4_SHARED_CLOCK_HARNESS_REPAIR.md	DELETE	96	旧運用文書・handoff・task・設計・履歴
Docs/ai/handoffs/tasks/T052_PHASE5_PRODUCTION_COMPOSITION_OFFLINE_COMPLETION.md	DELETE	135	旧運用文書・handoff・task・設計・履歴
Docs/ai/handoffs/tasks/T053_PHASE5_COMPLETION_TERMINAL_EVIDENCE_REPAIR.md	DELETE	107	旧運用文書・handoff・task・設計・履歴
Docs/ai/handoffs/tasks/T054_PHASE5_ADMISSION_TERMINAL_INVESTIGATION.md	DELETE	86	旧運用文書・handoff・task・設計・履歴
Docs/ai/handoffs/tasks/T055_PHASE5_ADMISSION_EVIDENCE_PRESERVATION.md	DELETE	62	旧運用文書・handoff・task・設計・履歴
Docs/ai/handoffs/tasks/T056_PHASE5_WINDOWS_CLEANUP_BOUNDARY.md	DELETE	108	旧運用文書・handoff・task・設計・履歴
Docs/ai/handoffs/tasks/T057_PHASE5_RETAINED_EVIDENCE_COMPLETION.md	DELETE	125	旧運用文書・handoff・task・設計・履歴
Docs/ai/handoffs/tasks/T058_PHASE5_PRODUCTION_COMPOSITION_TEST.md	DELETE	188	旧運用文書・handoff・task・設計・履歴
Docs/ai/handoffs/tasks/T059_PHASE5_PRODUCTION_COMPOSITION_REVIEW.md	DELETE	150	旧運用文書・handoff・task・設計・履歴
Docs/ai/handoffs/tasks/T060_PHASE5_REAL_SMOKE_Q8_RUNNER.md	DELETE	135	旧運用文書・handoff・task・設計・履歴
Docs/ai/handoffs/tasks/T061_PHASE5_REAL_SMOKE_Q8_RUNNER_TEST.md	DELETE	147	旧運用文書・handoff・task・設計・履歴
Docs/ai/handoffs/tasks/T062_PHASE5_RUNNER_AUTHORITY_OWNERSHIP_REPAIR.md	DELETE	76	旧運用文書・handoff・task・設計・履歴
Docs/ai/handoffs/tasks/T063_PHASE5_RUNNER_R1_TEST.md	DELETE	96	旧運用文書・handoff・task・設計・履歴
Docs/ai/handoffs/tasks/T064_PHASE5_REAL_SMOKE_Q8_RUNNER_REVIEW.md	DELETE	147	旧運用文書・handoff・task・設計・履歴
Docs/ai/handoffs/tasks/T065_PHASE5_RUNNER_CONTRACT_REPAIR_R2.md	DELETE	88	旧運用文書・handoff・task・設計・履歴
Docs/ai/handoffs/tasks/T066_PHASE5_RUNNER_R2_TEST.md	DELETE	120	旧運用文書・handoff・task・設計・履歴
Docs/ai/handoffs/tasks/T067_PHASE5_SHARD_REQUEST_ID_UNIQUENESS_REPAIR.md	DELETE	89	旧運用文書・handoff・task・設計・履歴
Docs/ai/handoffs/tasks/T068_PHASE5_SHARD_UNIQUENESS_TEST.md	DELETE	86	旧運用文書・handoff・task・設計・履歴
Docs/ai/handoffs/tasks/T069_PHASE5_REAL_SMOKE_Q8_RUNNER_R3_REVIEW.md	DELETE	137	旧運用文書・handoff・task・設計・履歴
Docs/ai/handoffs/tasks/T070_PHASE5_REAL_SMOKE_Q8_EXECUTION.md	DELETE	150	旧運用文書・handoff・task・設計・履歴
Docs/ai/handoffs/tasks/T071_Q8_PROVIDER_TIMING_INVESTIGATION.md	DELETE	129	旧運用文書・handoff・task・設計・履歴
Docs/ai/handoffs/tasks/T072_Q8_PROVIDER_TIMING_DIAGNOSTIC_DESIGN.md	DELETE	58	旧運用文書・handoff・task・設計・履歴
Docs/ai/handoffs/tasks/T073_Q8_PROVIDER_TIMING_DIAGNOSTIC_REVIEW.md	DELETE	124	旧運用文書・handoff・task・設計・履歴
Docs/ai/handoffs/tasks/T074_Q8_PROVIDER_TIMING_DIAGNOSTIC_R1.md	DELETE	81	旧運用文書・handoff・task・設計・履歴
Docs/ai/handoffs/tasks/T075_Q8_PROVIDER_TIMING_DIAGNOSTIC_R1_REVIEW.md	DELETE	84	旧運用文書・handoff・task・設計・履歴
Docs/ai/handoffs/tasks/T076_Q8_PROVIDER_TIMING_DIAGNOSTIC_IMPLEMENTATION.md	DELETE	107	旧運用文書・handoff・task・設計・履歴
Docs/ai/handoffs/tasks/T077_Q8_PROVIDER_TIMING_DIAGNOSTIC_TEST.md	DELETE	136	旧運用文書・handoff・task・設計・履歴
Docs/ai/handoffs/tasks/T078_Q8_DIAGNOSTIC_CLEANUP_GATE_REPAIR.md	DELETE	72	旧運用文書・handoff・task・設計・履歴
Docs/ai/handoffs/tasks/T079_Q8_DIAGNOSTIC_CLEANUP_GATE_TEST.md	DELETE	96	旧運用文書・handoff・task・設計・履歴
Docs/ai/handoffs/tasks/T080_Q8_PROVIDER_TIMING_DIAGNOSTIC_FINAL_REVIEW.md	DELETE	101	旧運用文書・handoff・task・設計・履歴
Docs/ai/handoffs/tasks/T081_Q8_DIAGNOSTIC_DROPPED_METRIC_REPAIR.md	DELETE	69	旧運用文書・handoff・task・設計・履歴
Docs/ai/handoffs/tasks/T082_Q8_DIAGNOSTIC_DROPPED_METRIC_TEST.md	DELETE	89	旧運用文書・handoff・task・設計・履歴
Docs/ai/handoffs/tasks/T083_Q8_PROVIDER_TIMING_DIAGNOSTIC_R2_REVIEW.md	DELETE	133	旧運用文書・handoff・task・設計・履歴
Docs/ai/handoffs/tasks/T084_Q8_DIAGNOSTIC_PROVIDER_IDENTITY_REPAIR.md	DELETE	83	旧運用文書・handoff・task・設計・履歴
Docs/ai/handoffs/tasks/T085_Q8_DIAGNOSTIC_PROVIDER_IDENTITY_TEST.md	DELETE	105	旧運用文書・handoff・task・設計・履歴
Docs/ai/handoffs/tasks/T086_Q8_PROVIDER_TIMING_DIAGNOSTIC_R3_REVIEW.md	DELETE	122	旧運用文書・handoff・task・設計・履歴
Docs/ai/handoffs/tasks/T087_Q8_PROVIDER_TIMING_INITIAL_DIAGNOSTIC.md	DELETE	99	旧運用文書・handoff・task・設計・履歴
Docs/ai/handoffs/tasks/T088_PROVIDER_VERSION_IDENTITY_PARSE_INVESTIGATION.md	DELETE	133	旧運用文書・handoff・task・設計・履歴
Docs/ai/handoffs/tasks/T089_PROVIDER_VERSION_PAREN_GRAMMAR_REPAIR.md	DELETE	75	旧運用文書・handoff・task・設計・履歴
Docs/ai/handoffs/tasks/T090_PROVIDER_VERSION_GRAMMAR_INDEPENDENT_TEST.md	DELETE	121	旧運用文書・handoff・task・設計・履歴
Docs/ai/handoffs/tasks/T091_PROVIDER_VERSION_GRAMMAR_REVIEW.md	DELETE	127	旧運用文書・handoff・task・設計・履歴
Docs/ai/handoffs/tasks/T092_Q8_PROVIDER_TIMING_INITIAL_DIAGNOSTIC.md	DELETE	114	旧運用文書・handoff・task・設計・履歴
Docs/ai/handoffs/tasks/T093_Q8_DIAGNOSTIC_PREFLIGHT_INVESTIGATION.md	DELETE	119	旧運用文書・handoff・task・設計・履歴
Docs/ai/handoffs/tasks/T094_Q8_DIAGNOSTIC_LIFECYCLE_ARGV_REPAIR.md	DELETE	97	旧運用文書・handoff・task・設計・履歴
Docs/ai/handoffs/tasks/T095_Q8_DIAGNOSTIC_LIFECYCLE_ARGV_TEST.md	DELETE	120	旧運用文書・handoff・task・設計・履歴
Docs/ai/handoffs/tasks/T096_Q8_DIAGNOSTIC_LIFECYCLE_ARGV_REVIEW.md	DELETE	116	旧運用文書・handoff・task・設計・履歴
Docs/ai/handoffs/tasks/T097_Q8_PROVIDER_TIMING_POST_REPAIR_DIAGNOSTIC.md	DELETE	121	旧運用文書・handoff・task・設計・履歴
Docs/ai/handoffs/tasks/T098_PROVIDER_TIMING_REQUIRED_SUBSET_REPAIR.md	DELETE	74	旧運用文書・handoff・task・設計・履歴
Docs/ai/handoffs/tasks/T099_PROVIDER_TIMING_REQUIRED_SUBSET_TEST.md	DELETE	86	旧運用文書・handoff・task・設計・履歴
Docs/ai/handoffs/tasks/T100_PROVIDER_TIMING_REQUIRED_SUBSET_REVIEW.md	DELETE	118	旧運用文書・handoff・task・設計・履歴
Docs/ai/handoffs/tasks/T101_Q8_DIAGNOSTIC_REPAIR_RECOGNITION.md	DELETE	73	旧運用文書・handoff・task・設計・履歴
Docs/ai/handoffs/tasks/T102_Q8_DIAGNOSTIC_REPAIR_RECOGNITION_TEST.md	DELETE	83	旧運用文書・handoff・task・設計・履歴
Docs/ai/handoffs/tasks/T103_Q8_DIAGNOSTIC_REPAIR_RECOGNITION_REVIEW.md	DELETE	99	旧運用文書・handoff・task・設計・履歴
Docs/ai/handoffs/tasks/T104_Q8_DIAGNOSTIC_EXACT_BOOLEAN_REPAIR.md	DELETE	68	旧運用文書・handoff・task・設計・履歴
Docs/ai/handoffs/tasks/T105_Q8_DIAGNOSTIC_EXACT_BOOLEAN_TEST.md	DELETE	87	旧運用文書・handoff・task・設計・履歴
Docs/ai/handoffs/tasks/T106_Q8_DIAGNOSTIC_EXACT_BOOLEAN_REVIEW.md	DELETE	119	旧運用文書・handoff・task・設計・履歴
Docs/ai/handoffs/tasks/T107_Q8_PROVIDER_TIMING_FINAL_VERIFICATION.md	DELETE	89	旧運用文書・handoff・task・設計・履歴
Docs/ai/handoffs/tasks/T108_PROVIDER_PREFLIGHT_EARLY_EXIT_INVESTIGATION.md	DELETE	123	旧運用文書・handoff・task・設計・履歴
Docs/ai/handoffs/tasks/T109_DETERMINISTIC_PROVIDER_READINESS_OBSERVATION.md	DELETE	105	旧運用文書・handoff・task・設計・履歴
Docs/ai/handoffs/tasks/T110_NONOWNED_MODEL_PROCESS_INVESTIGATION.md	DELETE	93	旧運用文書・handoff・task・設計・履歴
Docs/ai/handoffs/tasks/T111_FRESH_PROVIDER_READINESS_MEASUREMENT.md	DELETE	118	旧運用文書・handoff・task・設計・履歴
Docs/ai/handoffs/tasks/T112_FINAL_PROVIDER_READINESS_MEASUREMENT.md	DELETE	131	旧運用文書・handoff・task・設計・履歴
Docs/ai/handoffs/tasks/T113_PROVIDER_READINESS_TIMEOUT_INVESTIGATION.md	DELETE	96	旧運用文書・handoff・task・設計・履歴
Docs/ai/handoffs/tasks/T114_MULTI_AGENT_ENVIRONMENT_CLOSURE_REVIEW.md	DELETE	179	旧運用文書・handoff・task・設計・履歴
Docs/ai/handoffs/tasks/T116_PHASE5_CLOSURE_MODEL_FREE_FULL_REGRESSION.md	DELETE	130	旧運用文書・handoff・task・設計・履歴
Docs/ai/handoffs/tasks/T117_PHASE5_Q8_RESUMPTION_REVIEW.md	DELETE	199	旧運用文書・handoff・task・設計・履歴
Docs/ai/handoffs/tasks/T118_PHASE5_FINAL_DIAGNOSTIC_Q8_A_EXECUTION.md	DELETE	102	旧運用文書・handoff・task・設計・履歴
Docs/ai/handoffs/tasks/T119_Q8_SCRIPT_FILE_CONTROLLER_TRANSPORT.md	DELETE	150	旧運用文書・handoff・task・設計・履歴
Docs/ai/handoffs/tasks/T120_Q8_SCRIPT_FILE_CONTROLLER_TEST.md	DELETE	184	旧運用文書・handoff・task・設計・履歴
Docs/ai/handoffs/tasks/T121_Q8_SCRIPT_FILE_CONTROLLER_REVIEW.md	DELETE	146	旧運用文書・handoff・task・設計・履歴
Docs/ai/handoffs/tasks/T122_Q8_CONTROLLER_PRIVACY_8B_REPAIR.md	DELETE	180	旧運用文書・handoff・task・設計・履歴
Docs/ai/handoffs/tasks/T123_Q8_CONTROLLER_PRIVACY_9B_TEST.md	DELETE	186	旧運用文書・handoff・task・設計・履歴
Docs/ai/handoffs/tasks/T124_Q8_CONTROLLER_PRIVACY_9B_REVIEW.md	DELETE	192	旧運用文書・handoff・task・設計・履歴
Docs/ai/handoffs/tasks/T125_CANONICAL_9B_DIAGNOSTIC_Q8_A_EXECUTION.md	DELETE	157	旧運用文書・handoff・task・設計・履歴
Docs/ai/handoffs/tasks/T126_Q8_CONTROLLER_CLEANUP_DISCREPANCY_INVESTIGATION.md	DELETE	151	旧運用文書・handoff・task・設計・履歴
Docs/ai/handoffs/tasks/T127_Q8_CONTROLLER_CLEANUP_TELEMETRY_RECONSTRUCTION.md	DELETE	174	旧運用文書・handoff・task・設計・履歴
Docs/ai/handoffs/tasks/T128_Q8_CONTROLLER_CLEANUP_TELEMETRY_INDEPENDENT_TEST.md	DELETE	208	旧運用文書・handoff・task・設計・履歴
Docs/ai/handoffs/tasks/T129_Q8_CONTROLLER_CLEANUP_TELEMETRY_REVIEW.md	DELETE	204	旧運用文書・handoff・task・設計・履歴
Docs/ai/handoffs/tasks/T130_CANONICAL_9B_CLEANUP_TELEMETRY_DIAGNOSTIC_EXECUTION.md	DELETE	169	旧運用文書・handoff・task・設計・履歴
Docs/ai/handoffs/tasks/T131_STANDARD_Q8_EXECUTION_ROUTE_REVIEW.md	DELETE	223	旧運用文書・handoff・task・設計・履歴
Docs/ai/handoffs/tasks/T132_STANDARD_Q8_COMBINED_CONTROLLER_CONSTRUCTION.md	DELETE	119	旧運用文書・handoff・task・設計・履歴
Docs/ai/handoffs/tasks/T133_STANDARD_Q8_CONTROLLER_INDEPENDENT_TEST.md	DELETE	182	旧運用文書・handoff・task・設計・履歴
Docs/ai/handoffs/tasks/T134_STANDARD_Q8_CONTROLLER_EVIDENCE_AUTHORITY_REPAIR.md	DELETE	126	旧運用文書・handoff・task・設計・履歴
Docs/ai/handoffs/tasks/T135_STANDARD_Q8_CONTROLLER_REPAIR_INDEPENDENT_TEST.md	DELETE	211	旧運用文書・handoff・task・設計・履歴
Docs/ai/handoffs/tasks/T136_STANDARD_Q8_CONTROLLER_AUDIT_CORRELATION_PRIVACY_REPAIR.md	DELETE	155	旧運用文書・handoff・task・設計・履歴
Docs/ai/handoffs/tasks/T137_STANDARD_Q8_CONTROLLER_FINAL_INDEPENDENT_TEST.md	DELETE	192	旧運用文書・handoff・task・設計・履歴
Docs/ai/handoffs/tasks/T138_STANDARD_Q8_CONTROLLER_STRUCTURAL_VALUE_VALIDATION_REPAIR.md	DELETE	147	旧運用文書・handoff・task・設計・履歴
Docs/ai/handoffs/tasks/T139_STANDARD_Q8_CONTROLLER_STRUCTURAL_INDEPENDENT_TEST.md	DELETE	186	旧運用文書・handoff・task・設計・履歴
Docs/ai/handoffs/tasks/T140_STANDARD_Q8_ROUTE_REASSESSMENT.md	DELETE	303	旧運用文書・handoff・task・設計・履歴
Docs/ai/handoffs/tasks/T141_STANDARD_Q8_LIFECYCLE_ONLY_CONTROLLER.md	DELETE	133	旧運用文書・handoff・task・設計・履歴
Docs/ai/handoffs/tasks/T142_STANDARD_Q8_LIFECYCLE_ONLY_CONTROLLER_TEST.md	DELETE	195	旧運用文書・handoff・task・設計・履歴
Docs/ai/handoffs/tasks/T143_STANDARD_Q8_LIFECYCLE_TIMEOUT_AUTHORITY_REPAIR.md	DELETE	157	旧運用文書・handoff・task・設計・履歴
Docs/ai/handoffs/tasks/T144_STANDARD_Q8_LIFECYCLE_TIMEOUT_RETEST.md	DELETE	174	旧運用文書・handoff・task・設計・履歴
Docs/ai/handoffs/tasks/T145_STANDARD_Q8_LIFECYCLE_CONTROLLER_REVIEW.md	DELETE	183	旧運用文書・handoff・task・設計・履歴
Docs/ai/handoffs/tasks/T146_CANONICAL_9B_STANDARD_Q8_EXECUTION.md	DELETE	151	旧運用文書・handoff・task・設計・履歴
Docs/ai/handoffs/tasks/T147_OWNED_TREE_OBSERVER_FAILURE_INVESTIGATION.md	DELETE	214	旧運用文書・handoff・task・設計・履歴
Docs/ai/handoffs/tasks/T148_OWNED_TREE_NATIVE_TRISTATE_REPAIR.md	DELETE	179	旧運用文書・handoff・task・設計・履歴
Docs/ai/handoffs/tasks/T149_OWNED_TREE_NATIVE_TRISTATE_TEST.md	DELETE	201	旧運用文書・handoff・task・設計・履歴
Docs/ai/handoffs/tasks/T150_OWNED_TREE_TRISTATE_FRESH_REVIEW.md	DELETE	207	旧運用文書・handoff・task・設計・履歴
Docs/ai/handoffs/tasks/T151_OWNED_TREE_ATOMIC_CACHE_REPAIR.md	DELETE	174	旧運用文書・handoff・task・設計・履歴
Docs/ai/handoffs/tasks/T152_OWNED_TREE_ATOMIC_CACHE_TEST.md	DELETE	207	旧運用文書・handoff・task・設計・履歴
Docs/ai/handoffs/tasks/T153_OWNED_TREE_ATOMIC_CACHE_FRESH_REVIEW.md	DELETE	157	旧運用文書・handoff・task・設計・履歴
Docs/ai/handoffs/tasks/T154_CANONICAL_9B_STANDARD_Q8_POST_REPAIR_EXECUTION.md	DELETE	176	旧運用文書・handoff・task・設計・履歴
Docs/ai/handoffs/tasks/T155_PHASE5_CLOSURE_REVIEW.md	DELETE	183	旧運用文書・handoff・task・設計・履歴
Docs/ai/handoffs/tasks/T156_PHASE5_GIT_CHECKPOINT.md	DELETE	43	旧運用文書・handoff・task・設計・履歴
Docs/ai/handoffs/tasks/T156_PHASE5_GIT_CHECKPOINT_REVIEW.md	DELETE	138	旧運用文書・handoff・task・設計・履歴
Docs/ai/handoffs/tasks/T158_EXTERNAL_PHASE5_REVIEW_FACT_AUDIT.md	DELETE	508	旧運用文書・handoff・task・設計・履歴
Docs/ai/handoffs/tasks/T159_EXTERNAL_PHASE5_REVIEW_REMEDIATION_ARCHITECTURE.md	DELETE	211	旧運用文書・handoff・task・設計・履歴
Docs/ai/handoffs/tasks/T160_EXTERNAL_PHASE5_REVIEW_REPOSITORY_TEST_AUDIT.md	DELETE	151	旧運用文書・handoff・task・設計・履歴
Docs/ai/handoffs/tasks/T161_EXTERNAL_PHASE5_REVIEW_REMEDIATION_ARCHITECTURE_REVIEW.md	DELETE	164	旧運用文書・handoff・task・設計・履歴
Docs/ai/handoffs/tasks/T162_EXTERNAL_PHASE5_REVIEW_BOUNDED_REMEDIATION.md	DELETE	196	旧運用文書・handoff・task・設計・履歴
Docs/ai/handoffs/tasks/T163_EXTERNAL_PHASE5_REVIEW_REMEDIATION_TEST.md	DELETE	162	旧運用文書・handoff・task・設計・履歴
Docs/ai/handoffs/tasks/T164_EXTERNAL_PHASE5_REVIEW_FINAL_REVIEW.md	DELETE	178	旧運用文書・handoff・task・設計・履歴
Docs/ai/handoffs/tasks/T165_EXTERNAL_PHASE5_REVIEW_PRIVACY_STATE_REPAIR.md	DELETE	58	旧運用文書・handoff・task・設計・履歴
Docs/ai/handoffs/tasks/T166_EXTERNAL_PHASE5_REVIEW_PRIVACY_STATE_TEST.md	DELETE	141	旧運用文書・handoff・task・設計・履歴
Docs/ai/handoffs/tasks/T167_EXTERNAL_PHASE5_REVIEW_FINAL_REREVIEW.md	DELETE	146	旧運用文書・handoff・task・設計・履歴
Docs/ai/handoffs/tasks/T168_Q8_PHASE6_ENTRY_PRODUCT_DECISION.md	DELETE	18	旧運用文書・handoff・task・設計・履歴
Docs/ai/handoffs/tasks/T169_PHASE6_DISCUSSION_QUALITY_FACT_AUDIT.md	DELETE	360	旧運用文書・handoff・task・設計・履歴
Docs/ai/handoffs/tasks/T170_PHASE6_DISCUSSION_QUALITY_DESIGN.md	DELETE	74	旧運用文書・handoff・task・設計・履歴
Docs/ai/handoffs/tasks/T171_PHASE6_DISCUSSION_QUALITY_DESIGN_REVIEW.md	DELETE	258	旧運用文書・handoff・task・設計・履歴
Docs/ai/handoffs/tasks/T172_PHASE6_DISCUSSION_QUALITY_DESIGN_R1.md	DELETE	59	旧運用文書・handoff・task・設計・履歴
Docs/ai/handoffs/tasks/T173_PHASE6_DISCUSSION_QUALITY_DESIGN_R1_REVIEW.md	DELETE	203	旧運用文書・handoff・task・設計・履歴
Docs/ai/handoffs/tasks/T174_PHASE6_DISCUSSION_QUALITY_DESIGN_R2.md	DELETE	64	旧運用文書・handoff・task・設計・履歴
Docs/ai/handoffs/tasks/T175_PHASE6_DISCUSSION_QUALITY_DESIGN_R2_REVIEW.md	DELETE	183	旧運用文書・handoff・task・設計・履歴
Docs/ai/handoffs/tasks/T176_PHASE6_EVIDENCE_VISIBILITY_INVESTIGATION.md	DELETE	379	旧運用文書・handoff・task・設計・履歴
Docs/ai/handoffs/tasks/T177_PHASE6_DISCUSSION_QUALITY_DESIGN_R3.md	DELETE	64	旧運用文書・handoff・task・設計・履歴
Docs/ai/handoffs/tasks/T178_PHASE6_DISCUSSION_QUALITY_DESIGN_R3_REVIEW.md	DELETE	134	旧運用文書・handoff・task・設計・履歴
Docs/ai/handoffs/tasks/T179_PHASE6_CONTEXT_STATE_FOUNDATION.md	DELETE	137	旧運用文書・handoff・task・設計・履歴
Docs/ai/handoffs/tasks/T180_PHASE6_DECISION_IDENTITY_CLARIFICATION.md	DELETE	104	旧運用文書・handoff・task・設計・履歴
Docs/ai/handoffs/tasks/T181_PHASE6_DECISION_IDENTITY_CLARIFICATION_REVIEW.md	DELETE	87	旧運用文書・handoff・task・設計・履歴
Docs/ai/handoffs/tasks/T182_PHASE6_P6A_INDEPENDENT_TEST.md	DELETE	183	旧運用文書・handoff・task・設計・履歴
Docs/ai/handoffs/tasks/T183_PHASE6_P6A_FRESH_REVIEW.md	DELETE	168	旧運用文書・handoff・task・設計・履歴
Docs/ai/handoffs/tasks/T184_PHASE6_TEST_ARCHITECTURE_AUDIT.md	DELETE	203	旧運用文書・handoff・task・設計・履歴
Docs/ai/handoffs/tasks/T185_PHASE6_P6A_BOUNDED_REPAIR.md	DELETE	122	旧運用文書・handoff・task・設計・履歴
Docs/ai/handoffs/tasks/T186_PHASE6_P6A_REPAIR_TEST.md	DELETE	197	旧運用文書・handoff・task・設計・履歴
Docs/ai/handoffs/tasks/T187_PHASE6_P6A_REPAIR_REREVIEW.md	DELETE	159	旧運用文書・handoff・task・設計・履歴
Docs/ai/handoffs/tasks/T188_PHASE6_TEST_ORACLE_HARDENING.md	DELETE	136	旧運用文書・handoff・task・設計・履歴
Docs/ai/handoffs/tasks/T189_PHASE6_TEST_ORACLE_HARDENING_TEST.md	DELETE	213	旧運用文書・handoff・task・設計・履歴
Docs/ai/handoffs/tasks/T190_PHASE6_TEST_ORACLE_HARDENING_REVIEW.md	DELETE	121	旧運用文書・handoff・task・設計・履歴
Docs/ai/handoffs/tasks/T191_PHASE6_P6B_PROJECTION_SEMANTIC_TRANSACTION.md	DELETE	147	旧運用文書・handoff・task・設計・履歴
Docs/ai/handoffs/tasks/T192_PHASE6_PROJECTION_EVIDENCE_AUTHORITY_CLARIFICATION.md	DELETE	157	旧運用文書・handoff・task・設計・履歴
Docs/ai/handoffs/tasks/T193_PHASE6_PROJECTION_EVIDENCE_AUTHORITY_REVIEW.md	DELETE	209	旧運用文書・handoff・task・設計・履歴
Docs/ai/handoffs/tasks/T194_PHASE6_P6A_PROJECTION_AUTHORITY_REPAIR.md	DELETE	154	旧運用文書・handoff・task・設計・履歴
Docs/ai/handoffs/tasks/T195_PHASE6_P6A_PROJECTION_AUTHORITY_TEST.md	DELETE	305	旧運用文書・handoff・task・設計・履歴
Docs/ai/handoffs/tasks/T196_PHASE6_P6A_PROJECTION_AUTHORITY_REVIEW.md	DELETE	185	旧運用文書・handoff・task・設計・履歴
Docs/ai/handoffs/tasks/T197_PHASE6_P6B_INDEPENDENT_TEST.md	DELETE	231	旧運用文書・handoff・task・設計・履歴
Docs/ai/handoffs/tasks/T198_PHASE6_TERMINAL_LEDGER_BOUND_CLARIFICATION.md	DELETE	256	旧運用文書・handoff・task・設計・履歴
Docs/ai/handoffs/tasks/T199_PHASE6_TERMINAL_LEDGER_BOUND_REVIEW.md	DELETE	189	旧運用文書・handoff・task・設計・履歴
Docs/ai/handoffs/tasks/T200_PHASE6_P6B_T197_BOUNDED_REPAIR.md	DELETE	236	旧運用文書・handoff・task・設計・履歴
Docs/ai/handoffs/tasks/T201_PHASE6_P6B_T200_INDEPENDENT_TEST.md	DELETE	190	旧運用文書・handoff・task・設計・履歴
Docs/ai/handoffs/tasks/T202_PHASE6_P6B_FRESH_CLOSURE_REVIEW.md	DELETE	249	旧運用文書・handoff・task・設計・履歴
Docs/ai/handoffs/tasks/T203_PHASE6_OUTER_OBSERVATION_OWNERSHIP_CLARIFICATION.md	DELETE	81	旧運用文書・handoff・task・設計・履歴
Docs/ai/handoffs/tasks/T204_PHASE6_OUTER_OBSERVATION_OWNERSHIP_REVIEW.md	DELETE	169	旧運用文書・handoff・task・設計・履歴
Docs/ai/handoffs/tasks/T205_PHASE6_OUTER_OBSERVATION_OWNERSHIP_R1.md	DELETE	98	旧運用文書・handoff・task・設計・履歴
Docs/ai/handoffs/tasks/T206_PHASE6_OUTER_OBSERVATION_OWNERSHIP_R1_REVIEW.md	DELETE	121	旧運用文書・handoff・task・設計・履歴
Docs/ai/handoffs/tasks/T207_PHASE6_OUTER_OBSERVATION_OWNERSHIP_R2.md	DELETE	85	旧運用文書・handoff・task・設計・履歴
Docs/ai/handoffs/tasks/T208_PHASE6_OUTER_OBSERVATION_OWNERSHIP_R2_REVIEW.md	DELETE	141	旧運用文書・handoff・task・設計・履歴
Docs/ai/handoffs/tasks/T209_PHASE6_OUTER_OBSERVATION_SEAM_IMPLEMENTATION.md	DELETE	298	旧運用文書・handoff・task・設計・履歴
Docs/ai/handoffs/tasks/T210_PHASE6_OUTER_OBSERVATION_SEAM_INDEPENDENT_TEST.md	DELETE	199	旧運用文書・handoff・task・設計・履歴
Docs/ai/handoffs/tasks/T211_PHASE6_OUTER_OBSERVATION_SEAM_FRESH_REVIEW.md	DELETE	176	旧運用文書・handoff・task・設計・履歴
Docs/ai/handoffs/tasks/T212_PHASE6_P6C_REACTION_CO_INTEGRATION.md	DELETE	100	旧運用文書・handoff・task・設計・履歴
Docs/ai/handoffs/tasks/T213_PHASE6_P6D_PRE_VOTE_INTEGRATION.md	DELETE	164	旧運用文書・handoff・task・設計・履歴
Docs/ai/handoffs/tasks/T214_PHASE6_P6C_PHASE34_TIMEOUT_INVESTIGATION.md	DELETE	215	旧運用文書・handoff・task・設計・履歴
Docs/ai/handoffs/tasks/T215_PHASE6_P6D_INDEPENDENT_TEST.md	DELETE	176	旧運用文書・handoff・task・設計・履歴
Docs/ai/handoffs/tasks/T216_PHASE6_P6D_FRESH_REVIEW.md	DELETE	149	旧運用文書・handoff・task・設計・履歴
Docs/ai/handoffs/tasks/T217_PHASE6_P6C_TIMEOUT_FIXTURE_DETERMINIZATION.md	DELETE	84	旧運用文書・handoff・task・設計・履歴
Docs/ai/handoffs/tasks/T218_PHASE6_P6D_CONTEXT_FREE_COMPATIBILITY_REPAIR.md	DELETE	148	旧運用文書・handoff・task・設計・履歴
Docs/ai/handoffs/tasks/T219_PHASE6_P6C_INDEPENDENT_TEST.md	DELETE	125	旧運用文書・handoff・task・設計・履歴
Docs/ai/handoffs/tasks/T220_PHASE6_P6C_FRESH_CLOSURE_REVIEW.md	DELETE	177	旧運用文書・handoff・task・設計・履歴
Docs/ai/handoffs/tasks/T221_PHASE6_P6D_REPAIR_INDEPENDENT_TEST.md	DELETE	182	旧運用文書・handoff・task・設計・履歴
Docs/ai/handoffs/tasks/T222_PHASE6_P6D_FRESH_CLOSURE_REVIEW.md	DELETE	178	旧運用文書・handoff・task・設計・履歴
Docs/ai/handoffs/tasks/T223_PHASE6_P6D_NULL_ID_AMBIGUITY_REPAIR.md	DELETE	146	旧運用文書・handoff・task・設計・履歴
Docs/ai/handoffs/tasks/T224_PHASE6_P6D_NULL_ID_REPAIR_INDEPENDENT_TEST.md	DELETE	186	旧運用文書・handoff・task・設計・履歴
Docs/ai/handoffs/tasks/T225_PHASE6_P6D_FINAL_FRESH_CLOSURE_REVIEW.md	DELETE	138	旧運用文書・handoff・task・設計・履歴
Docs/ai/handoffs/tasks/T226_PHASE6_P6E_RUNTIME_SCOPE_AUDIT.md	DELETE	250	旧運用文書・handoff・task・設計・履歴
Docs/ai/handoffs/tasks/T227_PHASE6_P6E_RUNTIME_COMPOSITION.md	DELETE	146	旧運用文書・handoff・task・設計・履歴
Docs/ai/handoffs/tasks/T228_PHASE6_P6E_INDEPENDENT_TEST.md	DELETE	177	旧運用文書・handoff・task・設計・履歴
Docs/ai/handoffs/tasks/T229_PHASE6_CURRENT_COALESCING_INVESTIGATION.md	DELETE	257	旧運用文書・handoff・task・設計・履歴
Docs/ai/handoffs/tasks/T230_PHASE6_P6E_LOSSLESS_CURRENT_REPAIR.md	DELETE	166	旧運用文書・handoff・task・設計・履歴
Docs/ai/handoffs/tasks/T231_PHASE6_P6E_LOSSLESS_CURRENT_INDEPENDENT_TEST.md	DELETE	169	旧運用文書・handoff・task・設計・履歴
Docs/ai/handoffs/tasks/T232_PHASE6_P6E_FRESH_CLOSURE_REVIEW.md	DELETE	173	旧運用文書・handoff・task・設計・履歴
Docs/ai/handoffs/tasks/T233_PHASE6_P6E_CLOSE_BIND_REPAIR.md	DELETE	125	旧運用文書・handoff・task・設計・履歴
Docs/ai/handoffs/tasks/T234_PHASE6_P6E_CLOSE_BIND_INDEPENDENT_TEST.md	DELETE	168	旧運用文書・handoff・task・設計・履歴
Docs/ai/handoffs/tasks/T235_PHASE6_PRE_MONITOR_LIFECYCLE_INVESTIGATION.md	DELETE	199	旧運用文書・handoff・task・設計・履歴
Docs/ai/handoffs/tasks/T236_PHASE6_PRE_MONITOR_LIFECYCLE_REPAIR.md	DELETE	151	旧運用文書・handoff・task・設計・履歴
Docs/ai/handoffs/tasks/T237_PHASE6_LIFECYCLE_REPAIR_INDEPENDENT_TEST.md	DELETE	136	旧運用文書・handoff・task・設計・履歴
Docs/ai/handoffs/tasks/T238_PHASE6_P6E_FINAL_FRESH_REVIEW.md	DELETE	178	旧運用文書・handoff・task・設計・履歴
Docs/ai/handoffs/tasks/T239_PHASE6_MONITORED_CONTEXT_RESULT_REPAIR.md	DELETE	145	旧運用文書・handoff・task・設計・履歴
Docs/ai/handoffs/tasks/T240_PHASE6_MONITORED_CONTEXT_INDEPENDENT_TEST.md	DELETE	160	旧運用文書・handoff・task・設計・履歴
Docs/ai/handoffs/tasks/T241_PHASE6_P6E_CLOSURE_REVIEW.md	DELETE	175	旧運用文書・handoff・task・設計・履歴
Docs/ai/handoffs/tasks/T242_PHASE6_TRUSTED_ADAPTER_COMPLETION.md	DELETE	172	旧運用文書・handoff・task・設計・履歴
Docs/ai/handoffs/tasks/T243_PHASE6_TRUSTED_ADAPTER_INDEPENDENT_TEST.md	DELETE	101	旧運用文書・handoff・task・設計・履歴
Docs/ai/handoffs/tasks/T244_PHASE6_OUTPUT_BUDGET_FEASIBILITY_AUDIT.md	DELETE	161	旧運用文書・handoff・task・設計・履歴
Docs/ai/handoffs/tasks/T245_PHASE6_CAPTURED_INPUT_AUDIT_LINKAGE_REPAIR.md	DELETE	98	旧運用文書・handoff・task・設計・履歴
Docs/ai/handoffs/tasks/T246_PHASE6_OUTPUT_BUDGET_TECHNICAL_CLARIFICATION.md	DELETE	82	旧運用文書・handoff・task・設計・履歴
Docs/ai/handoffs/tasks/T247_PHASE6_OUTPUT_BUDGET_CLARIFICATION_REVIEW.md	DELETE	92	旧運用文書・handoff・task・設計・履歴
Docs/ai/handoffs/tasks/T248_PHASE6_TOKENIZER_PROVENANCE_ENTRYPOINT_AUDIT.md	DELETE	215	旧運用文書・handoff・task・設計・履歴
Docs/ai/handoffs/tasks/T249_PHASE6_CAPTURE_LINKAGE_REPAIR_INDEPENDENT_TEST.md	DELETE	98	旧運用文書・handoff・task・設計・履歴
Docs/ai/handoffs/tasks/T250_PHASE6_P6F_FRESH_REVIEW.md	DELETE	67	旧運用文書・handoff・task・設計・履歴
Docs/ai/handoffs/tasks/T251_WINDOWS_TEMP_PERMISSION_INVESTIGATION.md	DELETE	156	旧運用文書・handoff・task・設計・履歴
Docs/ai/handoffs/tasks/T252_PHASE6_REMAINING_FILESYSTEM_COMPLETION_TEST.md	DELETE	102	旧運用文書・handoff・task・設計・履歴
Docs/ai/handoffs/tasks/T253_PHASE6_MANIFEST_SINGLE_PUBLICATION_REPAIR.md	DELETE	73	旧運用文書・handoff・task・設計・履歴
Docs/ai/handoffs/tasks/T254_PHASE6_MANIFEST_REPAIR_INDEPENDENT_TEST.md	DELETE	124	旧運用文書・handoff・task・設計・履歴
Docs/ai/handoffs/tasks/T255_PHASE6_DURABLE_PRIVATE_EVIDENCE.md	DELETE	60	旧運用文書・handoff・task・設計・履歴
Docs/ai/handoffs/tasks/T256_PHASE6_RETENTION_ROUTE_INVESTIGATION.md	DELETE	140	旧運用文書・handoff・task・設計・履歴
Docs/ai/handoffs/tasks/T257_PHASE6_RETENTION_BOUNDARY_REPAIR.md	DELETE	73	旧運用文書・handoff・task・設計・履歴
Docs/ai/handoffs/tasks/T258_PHASE6_RETENTION_FAILURE_RECORD_REPAIR.md	DELETE	25	旧運用文書・handoff・task・設計・履歴
Docs/ai/handoffs/tasks/T259_PHASE6_RETENTION_INDEPENDENT_TEST.md	DELETE	68	旧運用文書・handoff・task・設計・履歴
Docs/ai/handoffs/tasks/T260_PHASE6_RETENTION_MANIFEST_FRESH_REVIEW.md	DELETE	50	旧運用文書・handoff・task・設計・履歴
Docs/ai/handoffs/tasks/T261_PHASE6_FRESH_DURABLE_COMPLETION.md	DELETE	35	旧運用文書・handoff・task・設計・履歴
Docs/ai/handoffs/tasks/T262_PHASE6_NEW_RAW_INDEPENDENT_VERIFICATION.md	DELETE	39	旧運用文書・handoff・task・設計・履歴
Docs/ai/handoffs/tasks/T263_PHASE6_FULL_F_FRESH_REVIEW.md	DELETE	48	旧運用文書・handoff・task・設計・履歴
Docs/ai/handoffs/tasks/T264_PHASE6_RAW_VERIFICATION_OUTER_ACL.md	DELETE	44	旧運用文書・handoff・task・設計・履歴
Docs/ai/handoffs/tasks/T265_PHASE6_PRIVATE_REVIEW_PROCESSOR.md	DELETE	90	旧運用文書・handoff・task・設計・履歴
Docs/ai/handoffs/tasks/T266_PHASE6_TOKENIZER_PROVENANCE_FOLLOWUP.md	DELETE	140	旧運用文書・handoff・task・設計・履歴
Docs/ai/handoffs/tasks/T267_PHASE6_PRIVATE_REVIEW_INDEPENDENT_TEST.md	DELETE	37	旧運用文書・handoff・task・設計・履歴
Docs/ai/handoffs/tasks/T268_PHASE6_STATIC_RELEASE_BINDING.md	DELETE	91	旧運用文書・handoff・task・設計・履歴
Docs/ai/handoffs/tasks/T269_PHASE6_PROCESSOR_FAILURE_ROUTE.md	DELETE	91	旧運用文書・handoff・task・設計・履歴
Docs/ai/handoffs/tasks/T270_PHASE6_PROCESSOR_BOUNDED_REPAIR.md	DELETE	38	旧運用文書・handoff・task・設計・履歴
Docs/ai/handoffs/tasks/T271_PHASE6_METADATA_ENTRYPOINT_BOUNDARY.md	DELETE	78	旧運用文書・handoff・task・設計・履歴
Docs/ai/handoffs/tasks/T274_PHASE6_AGGREGATE_FILENAME_REPAIR.md	DELETE	21	旧運用文書・handoff・task・設計・履歴
Docs/ai/handoffs/tasks/T275_PHASE6_SYNTHETIC_MATRIX_AUDIT.md	DELETE	29	旧運用文書・handoff・task・設計・履歴
Docs/ai/handoffs/tasks/T276_PHASE6_SINGLE_FILE_METADATA.md	DELETE	16	旧運用文書・handoff・task・設計・履歴
Docs/ai/handoffs/tasks/T277_PHASE6_SYNTHETIC_TOKEN_CORPUS.md	DELETE	57	旧運用文書・handoff・task・設計・履歴
Docs/ai/handoffs/tasks/T278_PHASE6_CO_FIXTURE_VISIBILITY.md	DELETE	44	旧運用文書・handoff・task・設計・履歴
Docs/ai/handoffs/tasks/T279_PHASE6_PLATFORM_BOUNDARY_CLARIFICATION.md	DELETE	28	旧運用文書・handoff・task・設計・履歴
Docs/ai/handoffs/tasks/T280_PHASE6_TEST_EVIDENCE_SUPPLEMENT.md	DELETE	31	旧運用文書・handoff・task・設計・履歴
Docs/ai/handoffs/tasks/T281_PHASE6_CORPUS_BOUNDED_REPAIR.md	DELETE	21	旧運用文書・handoff・task・設計・履歴
Docs/ai/handoffs/tasks/T282_PHASE6_PLATFORM_DESIGN_REVIEW.md	DELETE	69	旧運用文書・handoff・task・設計・履歴
Docs/ai/handoffs/tasks/T283_PHASE6_EXACT_CONTENT_TOKEN_COUNT.md	DELETE	41	旧運用文書・handoff・task・設計・履歴
Docs/ai/handoffs/tasks/T284_PHASE6_OUTPUT_BUDGET_SELECTION.md	DELETE	43	旧運用文書・handoff・task・設計・履歴
Docs/ai/handoffs/tasks/T286_PHASE6_BUDGET_SELECTION_REVIEW.md	DELETE	54	旧運用文書・handoff・task・設計・履歴
Docs/ai/handoffs/tasks/T287_EXTERNAL_AUDIT_RECONCILIATION.md	DELETE	101	旧運用文書・handoff・task・設計・履歴
Docs/ai/handoffs/tasks/T288_PRIVATE_DIAGNOSTIC_PROVENANCE_DESIGN.md	DELETE	67	旧運用文書・handoff・task・設計・履歴
Docs/ai/handoffs/tasks/T289_PRIVATE_POPULATION_BOUNDARY_AUDIT.md	DELETE	82	旧運用文書・handoff・task・設計・履歴
Docs/ai/handoffs/tasks/T291_PHASE6_REBASELINE_TECHNICAL_DESIGN.md	DELETE	56	旧運用文書・handoff・task・設計・履歴
Docs/ai/handoffs/tasks/T292_PHASE6_REBASELINE_DESIGN_REVIEW.md	DELETE	70	旧運用文書・handoff・task・設計・履歴
Docs/ai/handoffs/tasks/T293_PHASE6_REBASELINE_IMPLEMENTATION.md	DELETE	47	旧運用文書・handoff・task・設計・履歴
Docs/ai/handoffs/tasks/T296_PHASE6_R03_PREFREEZE_REPAIR.md	DELETE	50	旧運用文書・handoff・task・設計・履歴
Docs/ai/handoffs/tasks/T297_G1_INDEPENDENT_REVIEW.md	DELETE	30	旧運用文書・handoff・task・設計・履歴
Docs/ai/handoffs/tasks/T297_PHASE6_G1_PROFILE_COUNT.md	DELETE	80	旧運用文書・handoff・task・設計・履歴
Docs/ai/handoffs/tasks/T298_PHASE6_MASTER_PLAN_REVIEW.md	DELETE	34	旧運用文書・handoff・task・設計・履歴
Docs/ai/handoffs/tasks/T299_MAIN_STOP_REPORT.md	DELETE	78	旧運用文書・handoff・task・設計・履歴
Docs/ai/handoffs/tasks/T299_MASTER_RUN_RESULT_REVIEW.md	DELETE	41	旧運用文書・handoff・task・設計・履歴
Docs/ai/handoffs/tasks/T299_PHASE6_FROZEN_MASTER_RUN.md	DELETE	57	旧運用文書・handoff・task・設計・履歴
Docs/ai/handoffs/tasks/T300_MASTER_RUN_REPORT.md	DELETE	118	旧運用文書・handoff・task・設計・履歴
Docs/ai/handoffs/tasks/T300_PHASE6_CLEAN_MASTER_RUN.md	DELETE	33	旧運用文書・handoff・task・設計・履歴
Docs/ai/handoffs/tasks/T300_R06_CORRECTION.md	DELETE	30	旧運用文書・handoff・task・設計・履歴
Docs/ai/handoffs/tasks/T301_REVIEW_REPAIR.md	DELETE	26	旧運用文書・handoff・task・設計・履歴
Docs/ai/handoffs/tasks/T302_MASTER_RUN_FINAL_REVIEW.md	DELETE	39	旧運用文書・handoff・task・設計・履歴
Docs/ai/handoffs/tasks/T302_REPAIR_AND_RUN_REVIEW.md	DELETE	56	旧運用文書・handoff・task・設計・履歴
Docs/ai/handoffs/tasks/T303_MAIN_RESULT.md	DELETE	58	旧運用文書・handoff・task・設計・履歴
Docs/ai/handoffs/tasks/T303_REPAIRED_MASTER_RUN.md	DELETE	75	旧運用文書・handoff・task・設計・履歴
Docs/ai/handoffs/tasks/T305_MAIN_RESULT.md	DELETE	11	旧運用文書・handoff・task・設計・履歴
Docs/ai/handoffs/tasks/T305_STAGE_B_DESIGN.md	DELETE	48	旧運用文書・handoff・task・設計・履歴
Docs/ai/handoffs/tasks/T306_STAGE_B_DESIGN_REVIEW.md	DELETE	61	旧運用文書・handoff・task・設計・履歴
Docs/ai/handoffs/tasks/T307_MAIN_RESULT.md	DELETE	50	旧運用文書・handoff・task・設計・履歴
Docs/ai/handoffs/tasks/T307_STAGE_B_EXECUTION.md	DELETE	85	旧運用文書・handoff・task・設計・履歴
Docs/ai/handoffs/tasks/T307_STAGE_B_PREFLIGHT.md	DELETE	107	旧運用文書・handoff・task・設計・履歴
Docs/ai/handoffs/tasks/T308_STAGE_B_REVIEW.md	DELETE	54	旧運用文書・handoff・task・設計・履歴
Docs/ai/handoffs/tasks/T309_CLAIM_CLEANUP_IMPLEMENTATION.md	DELETE	11	旧運用文書・handoff・task・設計・履歴
Docs/ai/handoffs/tasks/T309_PROVIDER_MEASUREMENT_RESULT.md	DELETE	43	旧運用文書・handoff・task・設計・履歴
Docs/ai/handoffs/tasks/T309_R09_IMPLEMENTATION.md	DELETE	15	旧運用文書・handoff・task・設計・履歴
Docs/ai/handoffs/tasks/T309_R09_REPAIR_RESULT.md	DELETE	89	旧運用文書・handoff・task・設計・履歴
Docs/ai/handoffs/tasks/T310_R09_TIMEOUT_DESIGN.md	DELETE	12	旧運用文書・handoff・task・設計・履歴
Docs/ai/handoffs/tasks/T311_R09_REVIEW.md	DELETE	137	旧運用文書・handoff・task・設計・履歴
Docs/ai/handoffs/tasks/T312_R09_INDEPENDENT_TEST.md	DELETE	41	旧運用文書・handoff・task・設計・履歴
Docs/ai/handoffs/tasks/T313_COMPLETION_TIMEOUT_INVESTIGATION.md	DELETE	79	旧運用文書・handoff・task・設計・履歴
Docs/ai/handoffs/tasks/T314_CLAIM_CLEANUP_REVIEW.md	DELETE	74	旧運用文書・handoff・task・設計・履歴
Docs/ai/handoffs/tasks/T315_CLAIM_CLEANUP_TEST.md	DELETE	28	旧運用文書・handoff・task・設計・履歴
Docs/ai/handoffs/tasks/T316_MAIN_HUMAN_GATE.md	DELETE	13	旧運用文書・handoff・task・設計・履歴
Docs/ai/handoffs/tasks/T316_MAIN_RESULT.md	DELETE	38	旧運用文書・handoff・task・設計・履歴
Docs/ai/handoffs/tasks/T316_STAGE_B_EXECUTION.md	DELETE	39	旧運用文書・handoff・task・設計・履歴
Docs/ai/handoffs/tasks/T316_STAGE_B_EXECUTION.md.pre-operation-preparation	DELETE	27	旧運用文書・handoff・task・設計・履歴
Docs/ai/handoffs/tasks/T316_STAGE_B_PREFLIGHT.md	DELETE	59	旧運用文書・handoff・task・設計・履歴
Docs/ai/handoffs/tasks/T316_STAGE_B_PREFLIGHT.md.pre-metadata-correction	DELETE	57	旧運用文書・handoff・task・設計・履歴
Docs/ai/handoffs/tasks/T317_STAGE_B_FREEZE_REVISION.md	DELETE	26	旧運用文書・handoff・task・設計・履歴
Docs/ai/handoffs/tasks/T318_STAGE_B_REVIEW.md	DELETE	144	旧運用文書・handoff・task・設計・履歴
Docs/ai/handoffs/tasks/T319_R10_REPAIR.md	DELETE	61	旧運用文書・handoff・task・設計・履歴
Docs/ai/handoffs/tasks/T320_R10_INVESTIGATION.md	DELETE	61	旧運用文書・handoff・task・設計・履歴
Docs/ai/handoffs/tasks/T321_R10_REPAIR_DESIGN.md	DELETE	52	旧運用文書・handoff・task・設計・履歴
Docs/ai/handoffs/tasks/T322_R10_FRESH_REVIEW.md	DELETE	87	旧運用文書・handoff・task・設計・履歴
Docs/ai/handoffs/tasks/T323_R10_INDEPENDENT_TEST.md	DELETE	60	旧運用文書・handoff・task・設計・履歴
Docs/ai/handoffs/tasks/T325_R11_REVIEW_REPAIR.md	DELETE	41	旧運用文書・handoff・task・設計・履歴
Docs/ai/handoffs/tasks/T326_R11_OBSERVATION_DESIGN.md	DELETE	53	旧運用文書・handoff・task・設計・履歴
Docs/ai/handoffs/tasks/T327_R11_FRESH_REVIEW.md	DELETE	60	旧運用文書・handoff・task・設計・履歴
Docs/ai/handoffs/tasks/T328_STAGE_B_PREPARATION.md	DELETE	44	旧運用文書・handoff・task・設計・履歴
Docs/ai/handoffs/tasks/T329_STAGE_B_FREEZE_REVISION.md	DELETE	69	旧運用文書・handoff・task・設計・履歴
Docs/ai/handoffs/tasks/T330_STAGE_B_PREFLIGHT.md	DELETE	75	旧運用文書・handoff・task・設計・履歴
Docs/ai/handoffs/tasks/T331_STAGE_B_FRESH_REVIEW.md	DELETE	104	旧運用文書・handoff・task・設計・履歴
Docs/ai/handoffs/tasks/T332_CLAUDE_TEST_RECONCILIATION.md	DELETE	65	旧運用文書・handoff・task・設計・履歴
Docs/ai/handoffs/tasks/T333_CLAUDE_TEST_FRESH_REVIEW.md	DELETE	212	旧運用文書・handoff・task・設計・履歴
Docs/ai/handoffs/tasks/T334_CLAUDE_REVIEW_BASELINE_TEST.md	DELETE	124	旧運用文書・handoff・task・設計・履歴
Docs/ai/handoffs/tasks/T335_DIAGNOSTIC_DETAIL_DESIGN.md	DELETE	53	旧運用文書・handoff・task・設計・履歴
Docs/ai/handoffs/tasks/T336_DIAGNOSTIC_IMPLEMENTATION.md	DELETE	63	旧運用文書・handoff・task・設計・履歴
Docs/ai/handoffs/tasks/T337_R13_TEST_REPAIR_PLAN.md	DELETE	51	旧運用文書・handoff・task・設計・履歴
Docs/ai/handoffs/tasks/T338_R13_DRAIN_TEST_INVESTIGATION.md	DELETE	75	旧運用文書・handoff・task・設計・履歴
Docs/ai/handoffs/tasks/T339_R13_TEST_REPAIR_TEST.md	DELETE	102	旧運用文書・handoff・task・設計・履歴
Docs/ai/handoffs/tasks/T340_R13_TEST_REPAIR_REVIEW.md	DELETE	62	旧運用文書・handoff・task・設計・履歴
Docs/ai/handoffs/tasks/T341_R14_DOCUMENT_REPAIR.md	DELETE	43	旧運用文書・handoff・task・設計・履歴
Docs/ai/handoffs/tasks/T342_R14_DOCUMENT_REVIEW.md	DELETE	52	旧運用文書・handoff・task・設計・履歴
Docs/ai/handoffs/tasks/T343_STAGE_B_RESUME.md	DELETE	91	旧運用文書・handoff・task・設計・履歴
Docs/ai/handoffs/tasks/T344_STAGE_B_RUN.md	DELETE	165	旧運用文書・handoff・task・設計・履歴
Docs/ai/handoffs/tasks/T345_STAGE_B_REVIEW.md	DELETE	118	旧運用文書・handoff・task・設計・履歴
Docs/ai/handoffs/tasks/T346_STAGE_B_FREEZE_ADDENDUM.md	DELETE	51	旧運用文書・handoff・task・設計・履歴
Docs/ai/handoffs/tasks/T347_SAMPLER_FAILURE_VERIFICATION.md	DELETE	93	旧運用文書・handoff・task・設計・履歴
Docs/ai/handoffs/tasks/T348_SAMPLER_FAILURE_INVESTIGATION.md	DELETE	63	旧運用文書・handoff・task・設計・履歴
Docs/ai/handoffs/tasks/T351_SAMPLER_REPAIR.md	DELETE	66	旧運用文書・handoff・task・設計・履歴
Docs/ai/handoffs/tasks/T352_SAMPLER_REPAIR_DESIGN.md	DELETE	57	旧運用文書・handoff・task・設計・履歴
Docs/ai/handoffs/tasks/T353_SAMPLER_REPAIR_REVIEW.md	DELETE	49	旧運用文書・handoff・task・設計・履歴
Docs/ai/handoffs/tasks/T354_SAMPLER_REPAIR_TEST.md	DELETE	28	旧運用文書・handoff・task・設計・履歴
Docs/ai/handoffs/tasks/T354_SAMPLER_REPAIR_TEST.md.pre-recovery-blocked	DELETE	33	旧運用文書・handoff・task・設計・履歴
Docs/ai/handoffs/tasks/T355_SAMPLER_BACKEND_IMPLEMENTATION.md	DELETE	46	旧運用文書・handoff・task・設計・履歴
Docs/ai/handoffs/tasks/T356_R16_DOCUMENT_ADOPTION.md	DELETE	25	旧運用文書・handoff・task・設計・履歴
Docs/ai/handoffs/tasks/T357_R16_DOCUMENT_REVIEW.md	DELETE	24	旧運用文書・handoff・task・設計・履歴
Docs/ai/handoffs/tasks/T358_STAGE_B_RESUME.md	DELETE	43	旧運用文書・handoff・task・設計・履歴
Docs/ai/handoffs/tasks/T359_STAGE_B_TEST.md	DELETE	49	旧運用文書・handoff・task・設計・履歴
Docs/ai/handoffs/tasks/T360_STAGE_B_REVIEW.md	DELETE	25	旧運用文書・handoff・task・設計・履歴
Docs/ai/handoffs/tasks/T361_STAGE_B_FREEZE_ADDENDUM.md	DELETE	66	旧運用文書・handoff・task・設計・履歴
Docs/ai/handoffs/tasks/T362_R17_DISPOSITION.md	DELETE	34	旧運用文書・handoff・task・設計・履歴
Docs/ai/handoffs/tasks/T363_CURRENT_RESULT.md	DELETE	58	旧運用文書・handoff・task・設計・履歴
Docs/ai/handoffs/tasks/T363_R7_RESULT.md	DELETE	71	旧運用文書・handoff・task・設計・履歴
Docs/ai/handoffs/tasks/T363_REVIEWER_REUSE.md	DELETE	97	旧運用文書・handoff・task・設計・履歴
Docs/ai/handoffs/tasks/T364_FRESH_SESSION_REVIEW.md	DELETE	220	旧運用文書・handoff・task・設計・履歴
Docs/ai/handoffs/tasks/T364_REUSED_REVIEWER.md	DELETE	282	旧運用文書・handoff・task・設計・履歴
Docs/ai/handoffs/tasks/T365_RESUMED_STAGE_B_TEST.md	DELETE	156	旧運用文書・handoff・task・設計・履歴
Docs/ai/handoffs/tasks/T366_FREEZE_CONTROL_REVISION.md	DELETE	42	旧運用文書・handoff・task・設計・履歴
Docs/ai/handoffs/tasks/T367_GAME_LAUNCH_ADAPTER.md	DELETE	146	旧運用文書・handoff・task・設計・履歴
Docs/ai/handoffs/tasks/T368_GAME_ADAPTER_ACL_INVESTIGATION.md	DELETE	63	旧運用文書・handoff・task・設計・履歴
Docs/ai/handoffs/tasks/T369_PREPARATION_LABEL_REPAIR.md	DELETE	60	旧運用文書・handoff・task・設計・履歴
Docs/ai/handoffs/tasks/T370_ADMISSION_CAPACITY_RECOVERY.md	DELETE	121	旧運用文書・handoff・task・設計・履歴
Docs/ai/handoffs/tasks/T371_ADMISSION_CAPACITY_INVESTIGATION.md	DELETE	88	旧運用文書・handoff・task・設計・履歴
Docs/ai/handoffs/tasks/T372_ADMISSION_RECOVERY_REVIEW.md	DELETE	260	旧運用文書・handoff・task・設計・履歴
Docs/ai/handoffs/tasks/T373_ADMISSION_DEADLINE_DESIGN.md	DELETE	40	旧運用文書・handoff・task・設計・履歴
Docs/ai/handoffs/tasks/T373_CLAIMED_EXPIRY_BOUNDARY_CLARIFICATION.md	DELETE	46	旧運用文書・handoff・task・設計・履歴
Docs/ai/handoffs/tasks/T373_CLAIMED_EXPIRY_CLIENT_CLEANUP_REVISION.md	DELETE	20	旧運用文書・handoff・task・設計・履歴
Docs/ai/handoffs/tasks/T374_ADMISSION_DEADLINE_IMPLEMENTATION.md	DELETE	60	旧運用文書・handoff・task・設計・履歴
Docs/ai/handoffs/tasks/T375_RECOVERY_VERIFICATION.md	DELETE	113	旧運用文書・handoff・task・設計・履歴
Docs/ai/handoffs/tasks/T376_RECOVERY_EXECUTION_ADAPTER.md	DELETE	56	旧運用文書・handoff・task・設計・履歴
Docs/ai/handoffs/tasks/T377_FREEZE_UNIQUENESS_REPAIR.md	DELETE	50	旧運用文書・handoff・task・設計・履歴
Docs/ai/handoffs/tasks/T378_EXTERNAL_CONTRACT_RECOVERY.md	DELETE	106	旧運用文書・handoff・task・設計・履歴
Docs/ai/handoffs/tasks/T379_EXTERNAL_EVIDENCE_INVESTIGATION.md	DELETE	86	旧運用文書・handoff・task・設計・履歴
Docs/ai/handoffs/tasks/T380_OUTPUT_BUDGET_DESIGN.md	DELETE	53	旧運用文書・handoff・task・設計・履歴
Docs/ai/handoffs/tasks/T381_EXTERNAL_RECOVERY_REVIEW.md	DELETE	101	旧運用文書・handoff・task・設計・履歴
Docs/ai/handoffs/tasks/T382_QUALITY_IMPLEMENTATION.md	DELETE	30	旧運用文書・handoff・task・設計・履歴
Docs/ai/handoffs/tasks/T382_QUALITY_IMPLEMENTATION_R2.md	DELETE	19	旧運用文書・handoff・task・設計・履歴
Docs/ai/handoffs/tasks/T382_QUALITY_IMPLEMENTATION_R3.md	DELETE	34	旧運用文書・handoff・task・設計・履歴
Docs/ai/handoffs/tasks/T383_QUALITY_VERIFICATION.md	DELETE	92	旧運用文書・handoff・task・設計・履歴
Docs/ai/handoffs/tasks/T384_REACTION_REGRESSION_INVESTIGATION.md	DELETE	61	旧運用文書・handoff・task・設計・履歴
Docs/ai/handoffs/tasks/T385_AGENT_CONTEXT_REVISION.md	DELETE	32	旧運用文書・handoff・task・設計・履歴
Docs/ai/handoffs/tasks/T386_AGENT_CONTEXT_REVIEW.md	DELETE	20	旧運用文書・handoff・task・設計・履歴
Docs/ai/handoffs/tasks/T387_LOGICAL_GAME_CLOCK.md	DELETE	23	旧運用文書・handoff・task・設計・履歴
Docs/ai/handoffs/tasks/T387_PHASE6_STOP_20260917.md	DELETE	64	旧運用文書・handoff・task・設計・履歴
Docs/ai/handoffs/tasks/T388_LOGICAL_CLOCK_REVIEW.md	DELETE	23	旧運用文書・handoff・task・設計・履歴
Docs/ai/handoffs/tasks/T389_LOGICAL_CLOCK_ACCEPTANCE.md	DELETE	52	旧運用文書・handoff・task・設計・履歴
Docs/ai/handoffs/tasks/T390_LOGICAL_CLOCK_GAME_REVIEW.md	DELETE	28	旧運用文書・handoff・task・設計・履歴
Docs/ai/handoffs/tasks/T391_GPU_MONITOR.md	DELETE	15	旧運用文書・handoff・task・設計・履歴
Docs/ai/handoffs/tasks/T392_AUDIT_ATTEMPT_IDENTITY.md	DELETE	30	旧運用文書・handoff・task・設計・履歴
Docs/ai/handoffs/tasks/T393_AUDIT_IDENTITY_REVIEW.md	DELETE	23	旧運用文書・handoff・task・設計・履歴
Docs/ai/handoffs/tasks/T394_QUALITY_CAUSE.md	DELETE	71	旧運用文書・handoff・task・設計・履歴
Docs/ai/handoffs/tasks/T395_COMPLETION_BUDGET_DESIGN.md	DELETE	28	旧運用文書・handoff・task・設計・履歴
Docs/ai/handoffs/tasks/T396_ENGLISH_QUALITY_REPAIR.md	DELETE	98	旧運用文書・handoff・task・設計・履歴
Docs/ai/handoffs/tasks/T396_PROMPT_DELIVERY_ANALYSIS.json	DELETE	81	旧運用文書・handoff・task・設計・履歴
Docs/ai/handoffs/tasks/T396_PROMPT_DELIVERY_ANALYSIS.md	DELETE	91	旧運用文書・handoff・task・設計・履歴
Docs/ai/handoffs/tasks/T397_QUALITY_GROUNDING_DESIGN.md	DELETE	30	旧運用文書・handoff・task・設計・履歴
Docs/ai/handoffs/tasks/T398_QUALITY_REVIEW.md	DELETE	202	旧運用文書・handoff・task・設計・履歴
Docs/ai/handoffs/tasks/T399_SHORT_QUALITY_SMOKE.md	DELETE	36	旧運用文書・handoff・task・設計・履歴
Docs/ai/handoffs/tasks/T400_CORRECTED_QUALITY_SMOKE.md	DELETE	44	旧運用文書・handoff・task・設計・履歴
Docs/ai/handoffs/tasks/T401_DAYTIME_QUALITY_SMOKE.md	DELETE	64	旧運用文書・handoff・task・設計・履歴
Docs/ai/handoffs/tasks/T402_SMOKE_PROMPT_REPAIR.md	DELETE	30	旧運用文書・handoff・task・設計・履歴
Docs/ai/handoffs/tasks/T402_SMOKE_PROMPT_REVIEW.md	DELETE	46	旧運用文書・handoff・task・設計・履歴
Docs/ai/handoffs/tasks/T404_APPROVED_PROMPT_SMOKE.md	DELETE	53	旧運用文書・handoff・task・設計・履歴
Docs/ai/handoffs/tasks/T404_MAIN_RESULT.md	DELETE	51	旧運用文書・handoff・task・設計・履歴
Docs/ai/handoffs/tasks/T404_SAFE_METRICS.json	DELETE	42	旧運用文書・handoff・task・設計・履歴
Docs/ai/handoffs/tasks/T405_BOUNDED_NIGHT_IMPROVEMENT.md	DELETE	63	旧運用文書・handoff・task・設計・履歴
Docs/ai/handoffs/tasks/T405_CYCLE_SUMMARY.json	DELETE	69	旧運用文書・handoff・task・設計・履歴
Docs/ai/handoffs/tasks/T406_CONTEXT_AND_SYNTHETIC_SUITE.md	DELETE	141	旧運用文書・handoff・task・設計・履歴
Docs/ai/handoffs/tasks/T406_CONTEXT_DESIGN.md	DELETE	23	旧運用文書・handoff・task・設計・履歴
Docs/ai/handoffs/tasks/T406_SAFE_CONTEXT.json	DELETE	240	旧運用文書・handoff・task・設計・履歴
Docs/ai/handoffs/tasks/T406_SAFE_SUITE_RESULTS.json	DELETE	2838	旧運用文書・handoff・task・設計・履歴
Docs/ai/handoffs/tasks/T407_SYNTHETIC_MEASUREMENT.md	DELETE	38	旧運用文書・handoff・task・設計・履歴
Docs/ai/handoffs/tasks/T408_SAFE_SUITE_RESULTS.json	DELETE	2916	旧運用文書・handoff・task・設計・履歴
Docs/ai/handoffs/tasks/T408_STRUCTURE_ONLY_PROBE.md	DELETE	106	旧運用文書・handoff・task・設計・履歴
Docs/ai/handoffs/tasks/T409_STRUCTURE_ONLY_MEASUREMENT.md	DELETE	34	旧運用文書・handoff・task・設計・履歴
Docs/ai/handoffs/tasks/T410_CI_CLEANUP.md	DELETE	241	旧運用文書・handoff・task・設計・履歴
Docs/ai/handoffs/tasks/T410_SCHEMA_SHARING.md	DELETE	44	旧運用文書・handoff・task・設計・履歴
Docs/ai/handoffs/tasks/T411_ASYNC_TIMEOUT_ADDENDUM.md	DELETE	82	旧運用文書・handoff・task・設計・履歴
Docs/ai/handoffs/tasks/T411_C26BC86_STALE_CLOSURE_ADDENDUM.md	DELETE	41	旧運用文書・handoff・task・設計・履歴
Docs/ai/handoffs/tasks/T411_CI_WINDOWS_INVESTIGATION.md	DELETE	157	旧運用文書・handoff・task・設計・履歴
Docs/ai/handoffs/tasks/T411_COMPLETION_9674B33_OBSERVATION_ADDENDUM.md	DELETE	77	旧運用文書・handoff・task・設計・履歴
Docs/ai/handoffs/tasks/T411_T415_PROJECTION_BUDGET_ADDENDUM.md	DELETE	79	旧運用文書・handoff・task・設計・履歴
Docs/ai/handoffs/tasks/T412_CI_REVIEW.md	DELETE	342	旧運用文書・handoff・task・設計・履歴
Docs/ai/handoffs/tasks/T413_PY310_TIMEOUT_DESIGN.md	DELETE	149	旧運用文書・handoff・task・設計・履歴
Docs/ai/handoffs/tasks/T414_CI_COMPLETION_MEASUREMENT.md	DELETE	27	旧運用文書・handoff・task・設計・履歴
Docs/ai/handoffs/tasks/T415_CI_PRIVATE_MEASUREMENT.md	DELETE	62	旧運用文書・handoff・task・設計・履歴
Docs/ai/handoffs/tasks/T416_CI_COMPLETION_LIFECYCLE_DESIGN.md	DELETE	67	旧運用文書・handoff・task・設計・履歴
Docs/ai/handoffs/tasks/T417_CI_FIRST_SPEAKER_FIXTURE.md	DELETE	71	旧運用文書・handoff・task・設計・履歴
Docs/ai/handoffs/tasks/T418_CI_COMPLETION_MEASUREMENT.md	DELETE	33	旧運用文書・handoff・task・設計・履歴
Docs/ai/handoffs/tasks/T419_CI_REACTION_EXIT_INVESTIGATION.md	DELETE	53	旧運用文書・handoff・task・設計・履歴
Docs/ai/handoffs/tasks/T420_CI_REACTION_DIAGNOSTIC_MEASUREMENT.md	DELETE	32	旧運用文書・handoff・task・設計・履歴
Docs/ai/handoffs/tasks/T421_CI_SCHEMA_MEASUREMENT.md	DELETE	127	旧運用文書・handoff・task・設計・履歴
Docs/ai/handoffs/tasks/T422_CI_COMPLETION_RACE.md	DELETE	90	旧運用文書・handoff・task・設計・履歴
Docs/ai/handoffs/tasks/T423_LOCAL_MODEL_PATHS.md	DELETE	29	旧運用文書・handoff・task・設計・履歴
Docs/ai/handoffs/tasks/T424_MODEL_COMPARISON.md	DELETE	59	旧運用文書・handoff・task・設計・履歴
Docs/ai/handoffs/tasks/T425_MODEL_COMPARISON.md	DELETE	49	旧運用文書・handoff・task・設計・履歴
Docs/ai/handoffs/tasks/T426_MODEL_COMPARISON.md	DELETE	62	旧運用文書・handoff・task・設計・履歴
Docs/ai/handoffs/tasks/T427_MODEL_COMPARISON.md	DELETE	34	旧運用文書・handoff・task・設計・履歴
Docs/ai/handoffs/tasks/T427_SAFE_MODEL_RESULTS.json	DELETE	13152	旧運用文書・handoff・task・設計・履歴
Docs/ai/handoffs/tasks/T428_MODEL_COMPARISON.md	DELETE	164	旧運用文書・handoff・task・設計・履歴
Docs/ai/handoffs/tasks/T429_DOC_VOLUME_REDUCTION.md	DELETE	35	旧運用文書・handoff・task・設計・履歴
Docs/ai/handoffs/tasks/T430_NONE_REASON_PROBE.md	DELETE	75	旧運用文書・handoff・task・設計・履歴
Docs/ai/handoffs/tasks/T431_NONE_REASON_DESIGN.md	DELETE	24	旧運用文書・handoff・task・設計・履歴
Docs/ai/handoffs/tasks/T432_NONE_REASON_REVIEW.md	DELETE	310	旧運用文書・handoff・task・設計・履歴
Docs/ai/handoffs/tasks/T433_NONE_REASON_MEASUREMENT.md	DELETE	40	旧運用文書・handoff・task・設計・履歴
Docs/ai/handoffs/tasks/T433_SAFE_RESULTS.json	DELETE	870	旧運用文書・handoff・task・設計・履歴
Docs/ai/handoffs/tasks/T434_SCHEMA_ORDER_DESIGN.md	DELETE	19	旧運用文書・handoff・task・設計・履歴
Docs/ai/handoffs/tasks/T435_SAFE_RESULTS.json	DELETE	806	旧運用文書・handoff・task・設計・履歴
Docs/ai/handoffs/tasks/T435_SCHEMA_ORDER_MEASUREMENT.md	DELETE	50	旧運用文書・handoff・task・設計・履歴
Docs/ai/handoffs/tasks/TEMPLATE.md	DELETE	14	旧運用文書・handoff・task・設計・履歴
Docs/ai/handoffs/tasks/t039_phase34_completion.xml	DELETE	0	旧運用文書・handoff・task・設計・履歴
Docs/ai/history/2026-09-16-before-d075/CURRENT_STATE.md	DELETE	127	旧運用文書・handoff・task・設計・履歴
Docs/ai/history/2026-09-16-before-d075/TASKS.md	DELETE	270	旧運用文書・handoff・task・設計・履歴
Docs/ai/history/2026-09-18-ci-cleanup/T385_T386_CLOSED.md	DELETE	41	旧運用文書・handoff・task・設計・履歴
Docs/ai/history/2026-09-18-ci-cleanup/T410_T412_CLOSED.md	DELETE	71	旧運用文書・handoff・task・設計・履歴
Docs/ai/history/2026-09-18-ci-cleanup/T413_T414_CLOSED.md	DELETE	39	旧運用文書・handoff・task・設計・履歴
Docs/ai/history/2026-09-18-ci-cleanup/T415_T416_CLOSED.md	DELETE	39	旧運用文書・handoff・task・設計・履歴
Docs/ai/history/2026-09-18-ci-cleanup/T417_T418_CLOSED.md	DELETE	39	旧運用文書・handoff・task・設計・履歴
Docs/ai/history/2026-09-18-ci-cleanup/T419_T420_CLOSED.md	DELETE	39	旧運用文書・handoff・task・設計・履歴
Docs/ai/history/2026-09-18-ci-cleanup/T421_T422_CLOSED.md	DELETE	39	旧運用文書・handoff・task・設計・履歴
Docs/ai/history/2026-09-18-t406/COMPLETED_TASKS.md	DELETE	153	旧運用文書・handoff・task・設計・履歴
Docs/ai/history/2026-09-18-t406/CURRENT_STATE.md	DELETE	91	旧運用文書・handoff・task・設計・履歴
Docs/ai/history/2026-09-19-doc-volume/T388_T395_CLOSED.md	DELETE	156	旧運用文書・handoff・task・設計・履歴
Docs/ai/history/2026-09-19-doc-volume/T431_T435_CLOSED.md	DELETE	98	旧運用文書・handoff・task・設計・履歴
Docs/ai/prompts/ARCHITECT_PROMPT.md	DELETE	7	旧運用文書・handoff・task・設計・履歴
Docs/ai/prompts/IMPLEMENTER_PROMPT.md	DELETE	7	旧運用文書・handoff・task・設計・履歴
Docs/ai/prompts/INVESTIGATOR_PROMPT.md	DELETE	7	旧運用文書・handoff・task・設計・履歴
Docs/ai/prompts/REVIEWER_PROMPT.md	DELETE	7	旧運用文書・handoff・task・設計・履歴
Docs/ai/prompts/TESTER_PROMPT.md	DELETE	7	旧運用文書・handoff・task・設計・履歴
Docs/ai/review_archive/2026-08.md	DELETE	3232	旧運用文書・handoff・task・設計・履歴
Docs/ai/review_archive/2026-09.md	DELETE	3970	旧運用文書・handoff・task・設計・履歴
Docs/ai/review_archive/BUILD_LOG.md	DELETE	286	旧運用文書・handoff・task・設計・履歴
Docs/ai/review_archive/REVIEW_LOG.md	DELETE	1396	旧運用文書・handoff・task・設計・履歴
Docs/ai/roadmap_archive/PHASE1_SCOPE.md	DELETE	148	旧運用文書・handoff・task・設計・履歴
Docs/ai/roadmap_archive/PHASE3_SCOPE.md	DELETE	215	旧運用文書・handoff・task・設計・履歴
Docs/ai/roles/ARCHITECT.md	DELETE	7	旧運用文書・handoff・task・設計・履歴
Docs/ai/roles/IMPLEMENTER.md	DELETE	7	旧運用文書・handoff・task・設計・履歴
Docs/ai/roles/INTEGRATOR.md	DELETE	9	旧運用文書・handoff・task・設計・履歴
Docs/ai/roles/INVESTIGATOR.md	DELETE	6	旧運用文書・handoff・task・設計・履歴
Docs/ai/roles/REVIEWER.md	DELETE	8	旧運用文書・handoff・task・設計・履歴
Docs/ai/roles/TESTER.md	DELETE	7	旧運用文書・handoff・task・設計・履歴
Docs/ai/spec/AI_WEREWOLF_CODEX_HANDOFF.md	DELETE	1952	初期構想書。製品要件はREADMEへ移す（AI設計の節は旧前提）
Docs/ai/spec/CODEX_TOKEN_EFFICIENT_WORKFLOW.md	DELETE	2100	旧運用・開発補助環境の記録
Docs/ai/spec/DESIGN.md	KEEP	923	ゲーム仕様の正本
Docs/ai/spec/JUDGMENT_REFERENCE.md	KEEP	207	人狼ジャッジメントの参照ルール
Docs/ai/spec/LOCAL_LLM_SETUP.md	DELETE	167	旧運用・開発補助環境の記録
Docs/ai/tasks/T001_PHASE3_4_REACTION_CHAT.md	DELETE	102	旧運用文書・handoff・task・設計・履歴
Docs/ai/tasks/T002_PHASE3_5_VOTE_ABILITY_CONTROLLER_DESIGN.md	DELETE	73	旧運用文書・handoff・task・設計・履歴
Docs/ai/tasks/T003_T001_COMPLETION_INVESTIGATION.md	DELETE	51	旧運用文書・handoff・task・設計・履歴
Docs/ai/tasks/T004_PHASE3_4_COMPLETION_BARRIER_FIX.md	DELETE	53	旧運用文書・handoff・task・設計・履歴
Docs/ai/tasks/T005_PHASE2_COMPLETION_BOUNDARY_INVESTIGATION.md	DELETE	66	旧運用文書・handoff・task・設計・履歴
Docs/ai/tasks/T006_PHASE3_4_SERVER_RECEIPT_DEADLINE_DESIGN.md	DELETE	72	旧運用文書・handoff・task・設計・履歴
Docs/ai/tasks/T007_COMPLETION_FIXTURE_TIMING_HARDENING.md	DELETE	61	旧運用文書・handoff・task・設計・履歴
Docs/ai/tasks/T008_PHASE3_4_SERVER_RECEIPT_DEADLINE_IMPLEMENTATION.md	DELETE	72	旧運用文書・handoff・task・設計・履歴
Docs/ai/tasks/T009_PHASE3_5_SERVER_PROTOCOL_ACCEPTANCE.md	DELETE	62	旧運用文書・handoff・task・設計・履歴
Docs/ai/tasks/T010_PHASE3_5_CLIENT_ACCEPTANCE_OBSERVATION.md	DELETE	59	旧運用文書・handoff・task・設計・履歴
Docs/ai/tasks/T011_PHASE3_5_BRAIN_ARBITER.md	DELETE	55	旧運用文書・handoff・task・設計・履歴
Docs/ai/tasks/T012_PHASE3_5_VOTE_ABILITY_CONTROLLER.md	DELETE	45	旧運用文書・handoff・task・設計・履歴
Docs/ai/tasks/T013_PHASE2_AUTH_READINESS_FLAKE_INVESTIGATION.md	DELETE	47	旧運用文書・handoff・task・設計・履歴
Docs/ai/tasks/T014_PHASE2_COMPLETION_PROTOCOL_FIXTURE_COMPATIBILITY.md	DELETE	46	旧運用文書・handoff・task・設計・履歴
Docs/ai/tasks/T015_PHASE3_5_REVIEW_FINDINGS_R1.md	DELETE	57	旧運用文書・handoff・task・設計・履歴
Docs/ai/tasks/T016_PHASE3_5_COMPLETION_EVIDENCE_R1.md	DELETE	50	旧運用文書・handoff・task・設計・履歴
Docs/ai/tasks/T017_PHASE3_5_CUMULATIVE_CHAT_FAILURE_INVESTIGATION.md	DELETE	46	旧運用文書・handoff・task・設計・履歴
Docs/ai/tasks/T018_PHASE3_5_CHAT_WAVE_HARNESS_DETERMINIZATION.md	DELETE	51	旧運用文書・handoff・task・設計・履歴
Docs/ai/tasks/T019_PHASE4_LOCAL_LLM_DESIGN.md	DELETE	42	旧運用文書・handoff・task・設計・履歴
Docs/ai/tasks/T020_PHASE4_LLM_CONTRACTS_CONFIG.md	DELETE	71	旧運用文書・handoff・task・設計・履歴
Docs/ai/tasks/T021_PHASE4_LLM_BACKEND.md	DELETE	63	旧運用文書・handoff・task・設計・履歴
Docs/ai/tasks/T022_PHASE4_AI_AUDIT_WRITER.md	DELETE	62	旧運用文書・handoff・task・設計・履歴
Docs/ai/tasks/T023_PHASE4_LLM_BRAIN.md	DELETE	74	旧運用文書・handoff・task・設計・履歴
Docs/ai/tasks/T024_PHASE4_COMPLETION_AND_LOCAL_SMOKE.md	DELETE	76	旧運用文書・handoff・task・設計・履歴
Docs/ai/tasks/T025_PHASE4_REAL_LOCAL_SMOKE.md	DELETE	45	旧運用文書・handoff・task・設計・履歴
Docs/ai/tasks/T026_PHASE4_SMOKE_LAUNCH_JSON_FIX.md	DELETE	50	旧運用文書・handoff・task・設計・履歴
Docs/ai/tasks/T027_PHASE4_SMOKE_MODE_INVESTIGATION.md	DELETE	40	旧運用文書・handoff・task・設計・履歴
Docs/ai/tasks/T028_PHASE4_SMOKE_MODE_CONTRACT_FIX.md	DELETE	53	旧運用文書・handoff・task・設計・履歴
Docs/ai/tasks/T029_PHASE4_REAL_MODEL_ENVELOPE_INVESTIGATION.md	DELETE	47	旧運用文書・handoff・task・設計・履歴
Docs/ai/tasks/T030_GAME_PROFILE_THINKING_DISABLE.md	DELETE	60	旧運用文書・handoff・task・設計・履歴
Docs/ai/tasks/T031_PHASE4_CHAT_ACCEPTANCE_EVIDENCE_FIX.md	DELETE	56	旧運用文書・handoff・task・設計・履歴
Docs/ai/tasks/T032_PHASE4_FINAL_REGRESSION.md	DELETE	48	旧運用文書・handoff・task・設計・履歴
Docs/ai/tasks/T033_PHASE5_DETAILED_DESIGN.md	DELETE	45	旧運用文書・handoff・task・設計・履歴
Docs/ai/tasks/T034_PHASE5_DESIGN_R1.md	DELETE	48	旧運用文書・handoff・task・設計・履歴
Docs/ai/tasks/T035_PHASE5_DESIGN_R2.md	DELETE	52	旧運用文書・handoff・task・設計・履歴
Docs/ai/tasks/T036_PHASE5_SHORT_OUTPUT_CONTRACTS.md	DELETE	65	旧運用文書・handoff・task・設計・履歴
Docs/ai/tasks/T037_PHASE5_LENGTH_TERMINAL_REPAIR.md	DELETE	62	旧運用文書・handoff・task・設計・履歴
Docs/ai/tasks/T038_PHASE5_ADMISSION_BROKER.md	DELETE	78	旧運用文書・handoff・task・設計・履歴
Docs/ai/tasks/T039_PHASE5_SPEAKING_FREQUENCY.md	DELETE	67	旧運用文書・handoff・task・設計・履歴
Docs/ai/tasks/T040_PHASE5_ADMISSION_ERROR_ENVELOPE_ADDENDUM.md	DELETE	51	旧運用文書・handoff・task・設計・履歴
Docs/ai/tasks/T041_PHASE5_FREQUENCY_INTEGRATION_ADDENDUM.md	DELETE	51	旧運用文書・handoff・task・設計・履歴
Docs/ai/tasks/T042_PHASE5_DESIGN_STATUS_REPAIR.md	DELETE	36	旧運用文書・handoff・task・設計・履歴
Docs/ai/tasks/T043_PHASE5_SUCCESSOR_CANCEL_CLEANUP.md	DELETE	41	旧運用文書・handoff・task・設計・履歴
Docs/ai/tasks/T044_PHASE5_FREQUENCY_REVIEW_REPAIR.md	DELETE	53	旧運用文書・handoff・task・設計・履歴
Docs/ai/tasks/T045_PHASE5_BRAIN_ADMISSION.md	DELETE	72	旧運用文書・handoff・task・設計・履歴
Docs/ai/tasks/T046_PHASE5_ACTIVE_STALE_CANCELLATION_ADDENDUM.md	DELETE	55	旧運用文書・handoff・task・設計・履歴
Docs/ai/tasks/T047_PHASE5_CANCELLATION_LIFECYCLE_R1.md	DELETE	51	旧運用文書・handoff・task・設計・履歴
Docs/ai/tasks/T048_PHASE5_ACTIVE_STALE_CANCEL_REPAIR.md	DELETE	57	旧運用文書・handoff・task・設計・履歴
Docs/ai/tasks/T049_PHASE3_4_FIRST_SPEAKER_FLAKE_INVESTIGATION.md	DELETE	39	旧運用文書・handoff・task・設計・履歴
Docs/ai/tasks/T050_PHASE5_OFFERED_MAPPING_STATUS_REPAIR.md	DELETE	38	旧運用文書・handoff・task・設計・履歴
Docs/ai/tasks/T051_PHASE3_4_SHARED_CLOCK_HARNESS_REPAIR.md	DELETE	43	旧運用文書・handoff・task・設計・履歴
Docs/ai/tasks/T052_PHASE5_PRODUCTION_COMPOSITION_OFFLINE_COMPLETION.md	DELETE	120	旧運用文書・handoff・task・設計・履歴
Docs/ai/tasks/T053_PHASE5_COMPLETION_TERMINAL_EVIDENCE_REPAIR.md	DELETE	67	旧運用文書・handoff・task・設計・履歴
Docs/ai/tasks/T054_PHASE5_ADMISSION_TERMINAL_INVESTIGATION.md	DELETE	54	旧運用文書・handoff・task・設計・履歴
Docs/ai/tasks/T055_PHASE5_ADMISSION_EVIDENCE_PRESERVATION.md	DELETE	48	旧運用文書・handoff・task・設計・履歴
Docs/ai/tasks/T056_PHASE5_WINDOWS_CLEANUP_BOUNDARY.md	DELETE	47	旧運用文書・handoff・task・設計・履歴
Docs/ai/tasks/T057_PHASE5_RETAINED_EVIDENCE_COMPLETION.md	DELETE	46	旧運用文書・handoff・task・設計・履歴
Docs/ai/tasks/T058_PHASE5_PRODUCTION_COMPOSITION_TEST.md	DELETE	66	旧運用文書・handoff・task・設計・履歴
Docs/ai/tasks/T059_PHASE5_PRODUCTION_COMPOSITION_REVIEW.md	DELETE	60	旧運用文書・handoff・task・設計・履歴
Docs/ai/tasks/T060_PHASE5_REAL_SMOKE_Q8_RUNNER.md	DELETE	84	旧運用文書・handoff・task・設計・履歴
Docs/ai/tasks/T061_PHASE5_REAL_SMOKE_Q8_RUNNER_TEST.md	DELETE	51	旧運用文書・handoff・task・設計・履歴
Docs/ai/tasks/T062_PHASE5_RUNNER_AUTHORITY_OWNERSHIP_REPAIR.md	DELETE	57	旧運用文書・handoff・task・設計・履歴
Docs/ai/tasks/T063_PHASE5_RUNNER_R1_TEST.md	DELETE	38	旧運用文書・handoff・task・設計・履歴
Docs/ai/tasks/T064_PHASE5_REAL_SMOKE_Q8_RUNNER_REVIEW.md	DELETE	29	旧運用文書・handoff・task・設計・履歴
Docs/ai/tasks/T065_PHASE5_RUNNER_CONTRACT_REPAIR_R2.md	DELETE	64	旧運用文書・handoff・task・設計・履歴
Docs/ai/tasks/T066_PHASE5_RUNNER_R2_TEST.md	DELETE	41	旧運用文書・handoff・task・設計・履歴
Docs/ai/tasks/T067_PHASE5_SHARD_REQUEST_ID_UNIQUENESS_REPAIR.md	DELETE	38	旧運用文書・handoff・task・設計・履歴
Docs/ai/tasks/T068_PHASE5_SHARD_UNIQUENESS_TEST.md	DELETE	29	旧運用文書・handoff・task・設計・履歴
Docs/ai/tasks/T069_PHASE5_REAL_SMOKE_Q8_RUNNER_R3_REVIEW.md	DELETE	28	旧運用文書・handoff・task・設計・履歴
Docs/ai/tasks/T070_PHASE5_REAL_SMOKE_Q8_EXECUTION.md	DELETE	52	旧運用文書・handoff・task・設計・履歴
Docs/ai/tasks/T071_Q8_PROVIDER_TIMING_INVESTIGATION.md	DELETE	34	旧運用文書・handoff・task・設計・履歴
Docs/ai/tasks/T072_Q8_PROVIDER_TIMING_DIAGNOSTIC_DESIGN.md	DELETE	48	旧運用文書・handoff・task・設計・履歴
Docs/ai/tasks/T073_Q8_PROVIDER_TIMING_DIAGNOSTIC_REVIEW.md	DELETE	28	旧運用文書・handoff・task・設計・履歴
Docs/ai/tasks/T074_Q8_PROVIDER_TIMING_DIAGNOSTIC_R1.md	DELETE	58	旧運用文書・handoff・task・設計・履歴
Docs/ai/tasks/T075_Q8_PROVIDER_TIMING_DIAGNOSTIC_R1_REVIEW.md	DELETE	33	旧運用文書・handoff・task・設計・履歴
Docs/ai/tasks/T076_Q8_PROVIDER_TIMING_DIAGNOSTIC_IMPLEMENTATION.md	DELETE	81	旧運用文書・handoff・task・設計・履歴
Docs/ai/tasks/T077_Q8_PROVIDER_TIMING_DIAGNOSTIC_TEST.md	DELETE	50	旧運用文書・handoff・task・設計・履歴
Docs/ai/tasks/T078_Q8_DIAGNOSTIC_CLEANUP_GATE_REPAIR.md	DELETE	48	旧運用文書・handoff・task・設計・履歴
Docs/ai/tasks/T079_Q8_DIAGNOSTIC_CLEANUP_GATE_TEST.md	DELETE	31	旧運用文書・handoff・task・設計・履歴
Docs/ai/tasks/T080_Q8_PROVIDER_TIMING_DIAGNOSTIC_FINAL_REVIEW.md	DELETE	32	旧運用文書・handoff・task・設計・履歴
Docs/ai/tasks/T081_Q8_DIAGNOSTIC_DROPPED_METRIC_REPAIR.md	DELETE	48	旧運用文書・handoff・task・設計・履歴
Docs/ai/tasks/T082_Q8_DIAGNOSTIC_DROPPED_METRIC_TEST.md	DELETE	29	旧運用文書・handoff・task・設計・履歴
Docs/ai/tasks/T083_Q8_PROVIDER_TIMING_DIAGNOSTIC_R2_REVIEW.md	DELETE	31	旧運用文書・handoff・task・設計・履歴
Docs/ai/tasks/T084_Q8_DIAGNOSTIC_PROVIDER_IDENTITY_REPAIR.md	DELETE	47	旧運用文書・handoff・task・設計・履歴
Docs/ai/tasks/T085_Q8_DIAGNOSTIC_PROVIDER_IDENTITY_TEST.md	DELETE	30	旧運用文書・handoff・task・設計・履歴
Docs/ai/tasks/T086_Q8_PROVIDER_TIMING_DIAGNOSTIC_R3_REVIEW.md	DELETE	30	旧運用文書・handoff・task・設計・履歴
Docs/ai/tasks/T087_Q8_PROVIDER_TIMING_INITIAL_DIAGNOSTIC.md	DELETE	57	旧運用文書・handoff・task・設計・履歴
Docs/ai/tasks/T088_PROVIDER_VERSION_IDENTITY_PARSE_INVESTIGATION.md	DELETE	44	旧運用文書・handoff・task・設計・履歴
Docs/ai/tasks/T089_PROVIDER_VERSION_PAREN_GRAMMAR_REPAIR.md	DELETE	41	旧運用文書・handoff・task・設計・履歴
Docs/ai/tasks/T090_PROVIDER_VERSION_GRAMMAR_INDEPENDENT_TEST.md	DELETE	36	旧運用文書・handoff・task・設計・履歴
Docs/ai/tasks/T091_PROVIDER_VERSION_GRAMMAR_REVIEW.md	DELETE	34	旧運用文書・handoff・task・設計・履歴
Docs/ai/tasks/T092_Q8_PROVIDER_TIMING_INITIAL_DIAGNOSTIC.md	DELETE	58	旧運用文書・handoff・task・設計・履歴
Docs/ai/tasks/T093_Q8_DIAGNOSTIC_PREFLIGHT_INVESTIGATION.md	DELETE	36	旧運用文書・handoff・task・設計・履歴
Docs/ai/tasks/T094_Q8_DIAGNOSTIC_LIFECYCLE_ARGV_REPAIR.md	DELETE	43	旧運用文書・handoff・task・設計・履歴
Docs/ai/tasks/T095_Q8_DIAGNOSTIC_LIFECYCLE_ARGV_TEST.md	DELETE	36	旧運用文書・handoff・task・設計・履歴
Docs/ai/tasks/T096_Q8_DIAGNOSTIC_LIFECYCLE_ARGV_REVIEW.md	DELETE	37	旧運用文書・handoff・task・設計・履歴
Docs/ai/tasks/T097_Q8_PROVIDER_TIMING_POST_REPAIR_DIAGNOSTIC.md	DELETE	57	旧運用文書・handoff・task・設計・履歴
Docs/ai/tasks/T098_PROVIDER_TIMING_REQUIRED_SUBSET_REPAIR.md	DELETE	45	旧運用文書・handoff・task・設計・履歴
Docs/ai/tasks/T099_PROVIDER_TIMING_REQUIRED_SUBSET_TEST.md	DELETE	35	旧運用文書・handoff・task・設計・履歴
Docs/ai/tasks/T100_PROVIDER_TIMING_REQUIRED_SUBSET_REVIEW.md	DELETE	33	旧運用文書・handoff・task・設計・履歴
Docs/ai/tasks/T101_Q8_DIAGNOSTIC_REPAIR_RECOGNITION.md	DELETE	42	旧運用文書・handoff・task・設計・履歴
Docs/ai/tasks/T102_Q8_DIAGNOSTIC_REPAIR_RECOGNITION_TEST.md	DELETE	32	旧運用文書・handoff・task・設計・履歴
Docs/ai/tasks/T103_Q8_DIAGNOSTIC_REPAIR_RECOGNITION_REVIEW.md	DELETE	33	旧運用文書・handoff・task・設計・履歴
Docs/ai/tasks/T104_Q8_DIAGNOSTIC_EXACT_BOOLEAN_REPAIR.md	DELETE	34	旧運用文書・handoff・task・設計・履歴
Docs/ai/tasks/T105_Q8_DIAGNOSTIC_EXACT_BOOLEAN_TEST.md	DELETE	30	旧運用文書・handoff・task・設計・履歴
Docs/ai/tasks/T106_Q8_DIAGNOSTIC_EXACT_BOOLEAN_REVIEW.md	DELETE	30	旧運用文書・handoff・task・設計・履歴
Docs/ai/tasks/T107_Q8_PROVIDER_TIMING_FINAL_VERIFICATION.md	DELETE	49	旧運用文書・handoff・task・設計・履歴
Docs/ai/tasks/T108_PROVIDER_PREFLIGHT_EARLY_EXIT_INVESTIGATION.md	DELETE	44	旧運用文書・handoff・task・設計・履歴
Docs/ai/tasks/T109_DETERMINISTIC_PROVIDER_READINESS_OBSERVATION.md	DELETE	41	旧運用文書・handoff・task・設計・履歴
Docs/ai/tasks/T110_NONOWNED_MODEL_PROCESS_INVESTIGATION.md	DELETE	34	旧運用文書・handoff・task・設計・履歴
Docs/ai/tasks/T111_FRESH_PROVIDER_READINESS_MEASUREMENT.md	DELETE	41	旧運用文書・handoff・task・設計・履歴
Docs/ai/tasks/T112_FINAL_PROVIDER_READINESS_MEASUREMENT.md	DELETE	41	旧運用文書・handoff・task・設計・履歴
Docs/ai/tasks/T113_PROVIDER_READINESS_TIMEOUT_INVESTIGATION.md	DELETE	37	旧運用文書・handoff・task・設計・履歴
Docs/ai/tasks/T114_MULTI_AGENT_ENVIRONMENT_CLOSURE_REVIEW.md	DELETE	37	旧運用文書・handoff・task・設計・履歴
Docs/ai/tasks/T115_PHASE5_CLOSURE_PENDING_Q8.md	DELETE	21	旧運用文書・handoff・task・設計・履歴
Docs/ai/tasks/T116_PHASE5_CLOSURE_MODEL_FREE_FULL_REGRESSION.md	DELETE	35	旧運用文書・handoff・task・設計・履歴
Docs/ai/tasks/T117_PHASE5_Q8_RESUMPTION_REVIEW.md	DELETE	42	旧運用文書・handoff・task・設計・履歴
Docs/ai/tasks/T118_PHASE5_FINAL_DIAGNOSTIC_Q8_A_EXECUTION.md	DELETE	50	旧運用文書・handoff・task・設計・履歴
Docs/ai/tasks/T119_Q8_SCRIPT_FILE_CONTROLLER_TRANSPORT.md	DELETE	44	旧運用文書・handoff・task・設計・履歴
Docs/ai/tasks/T120_Q8_SCRIPT_FILE_CONTROLLER_TEST.md	DELETE	40	旧運用文書・handoff・task・設計・履歴
Docs/ai/tasks/T121_Q8_SCRIPT_FILE_CONTROLLER_REVIEW.md	DELETE	36	旧運用文書・handoff・task・設計・履歴
Docs/ai/tasks/T122_Q8_CONTROLLER_PRIVACY_8B_REPAIR.md	DELETE	51	旧運用文書・handoff・task・設計・履歴
Docs/ai/tasks/T123_Q8_CONTROLLER_PRIVACY_9B_TEST.md	DELETE	40	旧運用文書・handoff・task・設計・履歴
Docs/ai/tasks/T124_Q8_CONTROLLER_PRIVACY_9B_REVIEW.md	DELETE	41	旧運用文書・handoff・task・設計・履歴
Docs/ai/tasks/T125_CANONICAL_9B_DIAGNOSTIC_Q8_A_EXECUTION.md	DELETE	53	旧運用文書・handoff・task・設計・履歴
Docs/ai/tasks/T126_Q8_CONTROLLER_CLEANUP_DISCREPANCY_INVESTIGATION.md	DELETE	42	旧運用文書・handoff・task・設計・履歴
Docs/ai/tasks/T127_Q8_CONTROLLER_CLEANUP_TELEMETRY_RECONSTRUCTION.md	DELETE	74	旧運用文書・handoff・task・設計・履歴
Docs/ai/tasks/T128_Q8_CONTROLLER_CLEANUP_TELEMETRY_INDEPENDENT_TEST.md	DELETE	63	旧運用文書・handoff・task・設計・履歴
Docs/ai/tasks/T129_Q8_CONTROLLER_CLEANUP_TELEMETRY_REVIEW.md	DELETE	53	旧運用文書・handoff・task・設計・履歴
Docs/ai/tasks/T130_CANONICAL_9B_CLEANUP_TELEMETRY_DIAGNOSTIC_EXECUTION.md	DELETE	66	旧運用文書・handoff・task・設計・履歴
Docs/ai/tasks/T131_STANDARD_Q8_EXECUTION_ROUTE_REVIEW.md	DELETE	48	旧運用文書・handoff・task・設計・履歴
Docs/ai/tasks/T132_STANDARD_Q8_COMBINED_CONTROLLER_CONSTRUCTION.md	DELETE	64	旧運用文書・handoff・task・設計・履歴
Docs/ai/tasks/T133_STANDARD_Q8_CONTROLLER_INDEPENDENT_TEST.md	DELETE	58	旧運用文書・handoff・task・設計・履歴
Docs/ai/tasks/T134_STANDARD_Q8_CONTROLLER_EVIDENCE_AUTHORITY_REPAIR.md	DELETE	61	旧運用文書・handoff・task・設計・履歴
Docs/ai/tasks/T135_STANDARD_Q8_CONTROLLER_REPAIR_INDEPENDENT_TEST.md	DELETE	49	旧運用文書・handoff・task・設計・履歴
Docs/ai/tasks/T136_STANDARD_Q8_CONTROLLER_AUDIT_CORRELATION_PRIVACY_REPAIR.md	DELETE	64	旧運用文書・handoff・task・設計・履歴
Docs/ai/tasks/T137_STANDARD_Q8_CONTROLLER_FINAL_INDEPENDENT_TEST.md	DELETE	48	旧運用文書・handoff・task・設計・履歴
Docs/ai/tasks/T138_STANDARD_Q8_CONTROLLER_STRUCTURAL_VALUE_VALIDATION_REPAIR.md	DELETE	58	旧運用文書・handoff・task・設計・履歴
Docs/ai/tasks/T139_STANDARD_Q8_CONTROLLER_STRUCTURAL_INDEPENDENT_TEST.md	DELETE	53	旧運用文書・handoff・task・設計・履歴
Docs/ai/tasks/T140_STANDARD_Q8_ROUTE_REASSESSMENT.md	DELETE	54	旧運用文書・handoff・task・設計・履歴
Docs/ai/tasks/T141_STANDARD_Q8_LIFECYCLE_ONLY_CONTROLLER.md	DELETE	64	旧運用文書・handoff・task・設計・履歴
Docs/ai/tasks/T142_STANDARD_Q8_LIFECYCLE_ONLY_CONTROLLER_TEST.md	DELETE	44	旧運用文書・handoff・task・設計・履歴
Docs/ai/tasks/T143_STANDARD_Q8_LIFECYCLE_TIMEOUT_AUTHORITY_REPAIR.md	DELETE	39	旧運用文書・handoff・task・設計・履歴
Docs/ai/tasks/T144_STANDARD_Q8_LIFECYCLE_TIMEOUT_RETEST.md	DELETE	38	旧運用文書・handoff・task・設計・履歴
Docs/ai/tasks/T145_STANDARD_Q8_LIFECYCLE_CONTROLLER_REVIEW.md	DELETE	50	旧運用文書・handoff・task・設計・履歴
Docs/ai/tasks/T146_CANONICAL_9B_STANDARD_Q8_EXECUTION.md	DELETE	59	旧運用文書・handoff・task・設計・履歴
Docs/ai/tasks/T147_OWNED_TREE_OBSERVER_FAILURE_INVESTIGATION.md	DELETE	41	旧運用文書・handoff・task・設計・履歴
Docs/ai/tasks/T148_OWNED_TREE_NATIVE_TRISTATE_REPAIR.md	DELETE	46	旧運用文書・handoff・task・設計・履歴
Docs/ai/tasks/T149_OWNED_TREE_NATIVE_TRISTATE_TEST.md	DELETE	40	旧運用文書・handoff・task・設計・履歴
Docs/ai/tasks/T150_OWNED_TREE_TRISTATE_FRESH_REVIEW.md	DELETE	45	旧運用文書・handoff・task・設計・履歴
Docs/ai/tasks/T151_OWNED_TREE_ATOMIC_CACHE_REPAIR.md	DELETE	44	旧運用文書・handoff・task・設計・履歴
Docs/ai/tasks/T152_OWNED_TREE_ATOMIC_CACHE_TEST.md	DELETE	39	旧運用文書・handoff・task・設計・履歴
Docs/ai/tasks/T153_OWNED_TREE_ATOMIC_CACHE_FRESH_REVIEW.md	DELETE	41	旧運用文書・handoff・task・設計・履歴
Docs/ai/tasks/T154_CANONICAL_9B_STANDARD_Q8_POST_REPAIR_EXECUTION.md	DELETE	48	旧運用文書・handoff・task・設計・履歴
Docs/ai/tasks/T155_PHASE5_CLOSURE_REVIEW.md	DELETE	40	旧運用文書・handoff・task・設計・履歴
Docs/ai/tasks/T156_PHASE5_GIT_CHECKPOINT.md	DELETE	49	旧運用文書・handoff・task・設計・履歴
Docs/ai/tasks/T157_POST_PHASE5_STOP_BOUNDARY.md	DELETE	20	旧運用文書・handoff・task・設計・履歴
Docs/ai/tasks/T158_EXTERNAL_PHASE5_REVIEW_FACT_AUDIT.md	DELETE	23	旧運用文書・handoff・task・設計・履歴
Docs/ai/tasks/T159_EXTERNAL_PHASE5_REVIEW_REMEDIATION_ARCHITECTURE.md	DELETE	25	旧運用文書・handoff・task・設計・履歴
Docs/ai/tasks/T160_EXTERNAL_PHASE5_REVIEW_REPOSITORY_TEST_AUDIT.md	DELETE	23	旧運用文書・handoff・task・設計・履歴
Docs/ai/tasks/T161_EXTERNAL_PHASE5_REVIEW_REMEDIATION_ARCHITECTURE_REVIEW.md	DELETE	25	旧運用文書・handoff・task・設計・履歴
Docs/ai/tasks/T162_EXTERNAL_PHASE5_REVIEW_BOUNDED_REMEDIATION.md	DELETE	66	旧運用文書・handoff・task・設計・履歴
Docs/ai/tasks/T163_EXTERNAL_PHASE5_REVIEW_REMEDIATION_TEST.md	DELETE	25	旧運用文書・handoff・task・設計・履歴
Docs/ai/tasks/T164_EXTERNAL_PHASE5_REVIEW_FINAL_REVIEW.md	DELETE	22	旧運用文書・handoff・task・設計・履歴
Docs/ai/tasks/T165_EXTERNAL_PHASE5_REVIEW_PRIVACY_STATE_REPAIR.md	DELETE	42	旧運用文書・handoff・task・設計・履歴
Docs/ai/tasks/T166_EXTERNAL_PHASE5_REVIEW_PRIVACY_STATE_TEST.md	DELETE	21	旧運用文書・handoff・task・設計・履歴
Docs/ai/tasks/T167_EXTERNAL_PHASE5_REVIEW_FINAL_REREVIEW.md	DELETE	14	旧運用文書・handoff・task・設計・履歴
Docs/ai/tasks/T168_Q8_PHASE6_ENTRY_PRODUCT_DECISION.md	DELETE	27	旧運用文書・handoff・task・設計・履歴
Docs/ai/tasks/T169_PHASE6_DISCUSSION_QUALITY_FACT_AUDIT.md	DELETE	26	旧運用文書・handoff・task・設計・履歴
Docs/ai/tasks/T170_PHASE6_DISCUSSION_QUALITY_DESIGN.md	DELETE	12	旧運用文書・handoff・task・設計・履歴
Docs/ai/tasks/T171_PHASE6_DISCUSSION_QUALITY_DESIGN_REVIEW.md	DELETE	11	旧運用文書・handoff・task・設計・履歴
Docs/ai/tasks/T172_PHASE6_DISCUSSION_QUALITY_DESIGN_R1.md	DELETE	27	旧運用文書・handoff・task・設計・履歴
Docs/ai/tasks/T173_PHASE6_DISCUSSION_QUALITY_DESIGN_R1_REVIEW.md	DELETE	14	旧運用文書・handoff・task・設計・履歴
Docs/ai/tasks/T174_PHASE6_DISCUSSION_QUALITY_DESIGN_R2.md	DELETE	20	旧運用文書・handoff・task・設計・履歴
Docs/ai/tasks/T175_PHASE6_DISCUSSION_QUALITY_DESIGN_R2_REVIEW.md	DELETE	12	旧運用文書・handoff・task・設計・履歴
Docs/ai/tasks/T176_PHASE6_EVIDENCE_VISIBILITY_INVESTIGATION.md	DELETE	62	旧運用文書・handoff・task・設計・履歴
Docs/ai/tasks/T177_PHASE6_DISCUSSION_QUALITY_DESIGN_R3.md	DELETE	67	旧運用文書・handoff・task・設計・履歴
Docs/ai/tasks/T178_PHASE6_DISCUSSION_QUALITY_DESIGN_R3_REVIEW.md	DELETE	16	旧運用文書・handoff・task・設計・履歴
Docs/ai/tasks/T179_PHASE6_CONTEXT_STATE_FOUNDATION.md	DELETE	91	旧運用文書・handoff・task・設計・履歴
Docs/ai/tasks/T180_PHASE6_DECISION_IDENTITY_CLARIFICATION.md	DELETE	57	旧運用文書・handoff・task・設計・履歴
Docs/ai/tasks/T181_PHASE6_DECISION_IDENTITY_CLARIFICATION_REVIEW.md	DELETE	15	旧運用文書・handoff・task・設計・履歴
Docs/ai/tasks/T182_PHASE6_P6A_INDEPENDENT_TEST.md	DELETE	17	旧運用文書・handoff・task・設計・履歴
Docs/ai/tasks/T183_PHASE6_P6A_FRESH_REVIEW.md	DELETE	16	旧運用文書・handoff・task・設計・履歴
Docs/ai/tasks/T184_PHASE6_TEST_ARCHITECTURE_AUDIT.md	DELETE	22	旧運用文書・handoff・task・設計・履歴
Docs/ai/tasks/T185_PHASE6_P6A_BOUNDED_REPAIR.md	DELETE	66	旧運用文書・handoff・task・設計・履歴
Docs/ai/tasks/T186_PHASE6_P6A_REPAIR_TEST.md	DELETE	16	旧運用文書・handoff・task・設計・履歴
Docs/ai/tasks/T187_PHASE6_P6A_REPAIR_REREVIEW.md	DELETE	16	旧運用文書・handoff・task・設計・履歴
Docs/ai/tasks/T188_PHASE6_TEST_ORACLE_HARDENING.md	DELETE	68	旧運用文書・handoff・task・設計・履歴
Docs/ai/tasks/T189_PHASE6_TEST_ORACLE_HARDENING_TEST.md	DELETE	16	旧運用文書・handoff・task・設計・履歴
Docs/ai/tasks/T190_PHASE6_TEST_ORACLE_HARDENING_REVIEW.md	DELETE	17	旧運用文書・handoff・task・設計・履歴
Docs/ai/tasks/T191_PHASE6_P6B_PROJECTION_SEMANTIC_TRANSACTION.md	DELETE	166	旧運用文書・handoff・task・設計・履歴
Docs/ai/tasks/T192_PHASE6_PROJECTION_EVIDENCE_AUTHORITY_CLARIFICATION.md	DELETE	84	旧運用文書・handoff・task・設計・履歴
Docs/ai/tasks/T193_PHASE6_PROJECTION_EVIDENCE_AUTHORITY_REVIEW.md	DELETE	62	旧運用文書・handoff・task・設計・履歴
Docs/ai/tasks/T194_PHASE6_P6A_PROJECTION_AUTHORITY_REPAIR.md	DELETE	96	旧運用文書・handoff・task・設計・履歴
Docs/ai/tasks/T195_PHASE6_P6A_PROJECTION_AUTHORITY_TEST.md	DELETE	64	旧運用文書・handoff・task・設計・履歴
Docs/ai/tasks/T196_PHASE6_P6A_PROJECTION_AUTHORITY_REVIEW.md	DELETE	67	旧運用文書・handoff・task・設計・履歴
Docs/ai/tasks/T197_PHASE6_P6B_INDEPENDENT_TEST.md	DELETE	77	旧運用文書・handoff・task・設計・履歴
Docs/ai/tasks/T198_PHASE6_TERMINAL_LEDGER_BOUND_CLARIFICATION.md	DELETE	70	旧運用文書・handoff・task・設計・履歴
Docs/ai/tasks/T199_PHASE6_TERMINAL_LEDGER_BOUND_REVIEW.md	DELETE	57	旧運用文書・handoff・task・設計・履歴
Docs/ai/tasks/T200_PHASE6_P6B_T197_BOUNDED_REPAIR.md	DELETE	101	旧運用文書・handoff・task・設計・履歴
Docs/ai/tasks/T201_PHASE6_P6B_T200_INDEPENDENT_TEST.md	DELETE	96	旧運用文書・handoff・task・設計・履歴
Docs/ai/tasks/T202_PHASE6_P6B_FRESH_CLOSURE_REVIEW.md	DELETE	75	旧運用文書・handoff・task・設計・履歴
Docs/ai/tasks/T203_PHASE6_OUTER_OBSERVATION_OWNERSHIP_CLARIFICATION.md	DELETE	82	旧運用文書・handoff・task・設計・履歴
Docs/ai/tasks/T204_PHASE6_OUTER_OBSERVATION_OWNERSHIP_REVIEW.md	DELETE	82	旧運用文書・handoff・task・設計・履歴
Docs/ai/tasks/T205_PHASE6_OUTER_OBSERVATION_OWNERSHIP_R1.md	DELETE	81	旧運用文書・handoff・task・設計・履歴
Docs/ai/tasks/T206_PHASE6_OUTER_OBSERVATION_OWNERSHIP_R1_REVIEW.md	DELETE	73	旧運用文書・handoff・task・設計・履歴
Docs/ai/tasks/T207_PHASE6_OUTER_OBSERVATION_OWNERSHIP_R2.md	DELETE	57	旧運用文書・handoff・task・設計・履歴
Docs/ai/tasks/T208_PHASE6_OUTER_OBSERVATION_OWNERSHIP_R2_REVIEW.md	DELETE	56	旧運用文書・handoff・task・設計・履歴
Docs/ai/tasks/T209_PHASE6_OUTER_OBSERVATION_SEAM_IMPLEMENTATION.md	DELETE	105	旧運用文書・handoff・task・設計・履歴
Docs/ai/tasks/T210_PHASE6_OUTER_OBSERVATION_SEAM_INDEPENDENT_TEST.md	DELETE	86	旧運用文書・handoff・task・設計・履歴
Docs/ai/tasks/T211_PHASE6_OUTER_OBSERVATION_SEAM_FRESH_REVIEW.md	DELETE	75	旧運用文書・handoff・task・設計・履歴
Docs/ai/tasks/T212_PHASE6_P6C_REACTION_CO_INTEGRATION.md	DELETE	102	旧運用文書・handoff・task・設計・履歴
Docs/ai/tasks/T213_PHASE6_P6D_PRE_VOTE_INTEGRATION.md	DELETE	89	旧運用文書・handoff・task・設計・履歴
Docs/ai/tasks/T214_PHASE6_P6C_PHASE34_TIMEOUT_INVESTIGATION.md	DELETE	57	旧運用文書・handoff・task・設計・履歴
Docs/ai/tasks/T215_PHASE6_P6D_INDEPENDENT_TEST.md	DELETE	60	旧運用文書・handoff・task・設計・履歴
Docs/ai/tasks/T216_PHASE6_P6D_FRESH_REVIEW.md	DELETE	47	旧運用文書・handoff・task・設計・履歴
Docs/ai/tasks/T217_PHASE6_P6C_TIMEOUT_FIXTURE_DETERMINIZATION.md	DELETE	67	旧運用文書・handoff・task・設計・履歴
Docs/ai/tasks/T218_PHASE6_P6D_CONTEXT_FREE_COMPATIBILITY_REPAIR.md	DELETE	66	旧運用文書・handoff・task・設計・履歴
Docs/ai/tasks/T219_PHASE6_P6C_INDEPENDENT_TEST.md	DELETE	49	旧運用文書・handoff・task・設計・履歴
Docs/ai/tasks/T220_PHASE6_P6C_FRESH_CLOSURE_REVIEW.md	DELETE	33	旧運用文書・handoff・task・設計・履歴
Docs/ai/tasks/T221_PHASE6_P6D_REPAIR_INDEPENDENT_TEST.md	DELETE	39	旧運用文書・handoff・task・設計・履歴
Docs/ai/tasks/T222_PHASE6_P6D_FRESH_CLOSURE_REVIEW.md	DELETE	33	旧運用文書・handoff・task・設計・履歴
Docs/ai/tasks/T223_PHASE6_P6D_NULL_ID_AMBIGUITY_REPAIR.md	DELETE	57	旧運用文書・handoff・task・設計・履歴
Docs/ai/tasks/T224_PHASE6_P6D_NULL_ID_REPAIR_INDEPENDENT_TEST.md	DELETE	39	旧運用文書・handoff・task・設計・履歴
Docs/ai/tasks/T225_PHASE6_P6D_FINAL_FRESH_CLOSURE_REVIEW.md	DELETE	34	旧運用文書・handoff・task・設計・履歴
Docs/ai/tasks/T226_PHASE6_P6E_RUNTIME_SCOPE_AUDIT.md	DELETE	53	旧運用文書・handoff・task・設計・履歴
Docs/ai/tasks/T227_PHASE6_P6E_RUNTIME_COMPOSITION.md	DELETE	125	旧運用文書・handoff・task・設計・履歴
Docs/ai/tasks/T228_PHASE6_P6E_INDEPENDENT_TEST.md	DELETE	83	旧運用文書・handoff・task・設計・履歴
Docs/ai/tasks/T229_PHASE6_CURRENT_COALESCING_INVESTIGATION.md	DELETE	74	旧運用文書・handoff・task・設計・履歴
Docs/ai/tasks/T230_PHASE6_P6E_LOSSLESS_CURRENT_REPAIR.md	DELETE	146	旧運用文書・handoff・task・設計・履歴
Docs/ai/tasks/T231_PHASE6_P6E_LOSSLESS_CURRENT_INDEPENDENT_TEST.md	DELETE	110	旧運用文書・handoff・task・設計・履歴
Docs/ai/tasks/T232_PHASE6_P6E_FRESH_CLOSURE_REVIEW.md	DELETE	52	旧運用文書・handoff・task・設計・履歴
Docs/ai/tasks/T233_PHASE6_P6E_CLOSE_BIND_REPAIR.md	DELETE	57	旧運用文書・handoff・task・設計・履歴
Docs/ai/tasks/T234_PHASE6_P6E_CLOSE_BIND_INDEPENDENT_TEST.md	DELETE	53	旧運用文書・handoff・task・設計・履歴
Docs/ai/tasks/T235_PHASE6_PRE_MONITOR_LIFECYCLE_INVESTIGATION.md	DELETE	54	旧運用文書・handoff・task・設計・履歴
Docs/ai/tasks/T236_PHASE6_PRE_MONITOR_LIFECYCLE_REPAIR.md	DELETE	62	旧運用文書・handoff・task・設計・履歴
Docs/ai/tasks/T237_PHASE6_LIFECYCLE_REPAIR_INDEPENDENT_TEST.md	DELETE	55	旧運用文書・handoff・task・設計・履歴
Docs/ai/tasks/T238_PHASE6_P6E_FINAL_FRESH_REVIEW.md	DELETE	55	旧運用文書・handoff・task・設計・履歴
Docs/ai/tasks/T239_PHASE6_MONITORED_CONTEXT_RESULT_REPAIR.md	DELETE	54	旧運用文書・handoff・task・設計・履歴
Docs/ai/tasks/T240_PHASE6_MONITORED_CONTEXT_INDEPENDENT_TEST.md	DELETE	43	旧運用文書・handoff・task・設計・履歴
Docs/ai/tasks/T241_PHASE6_P6E_CLOSURE_REVIEW.md	DELETE	52	旧運用文書・handoff・task・設計・履歴
Docs/ai/tasks/T242_PHASE6_TRUSTED_ADAPTER_COMPLETION.md	DELETE	72	旧運用文書・handoff・task・設計・履歴
Docs/ai/tasks/T243_PHASE6_TRUSTED_ADAPTER_INDEPENDENT_TEST.md	DELETE	49	旧運用文書・handoff・task・設計・履歴
Docs/ai/tasks/T244_PHASE6_OUTPUT_BUDGET_FEASIBILITY_AUDIT.md	DELETE	38	旧運用文書・handoff・task・設計・履歴
Docs/ai/tasks/T245_PHASE6_CAPTURED_INPUT_AUDIT_LINKAGE_REPAIR.md	DELETE	49	旧運用文書・handoff・task・設計・履歴
Docs/ai/tasks/T246_PHASE6_OUTPUT_BUDGET_TECHNICAL_CLARIFICATION.md	DELETE	50	旧運用文書・handoff・task・設計・履歴
Docs/ai/tasks/T247_PHASE6_OUTPUT_BUDGET_CLARIFICATION_REVIEW.md	DELETE	50	旧運用文書・handoff・task・設計・履歴
Docs/ai/tasks/T248_PHASE6_TOKENIZER_PROVENANCE_ENTRYPOINT_AUDIT.md	DELETE	64	旧運用文書・handoff・task・設計・履歴
Docs/ai/tasks/T249_PHASE6_CAPTURE_LINKAGE_REPAIR_INDEPENDENT_TEST.md	DELETE	45	旧運用文書・handoff・task・設計・履歴
Docs/ai/tasks/T250_PHASE6_P6F_FRESH_REVIEW.md	DELETE	44	旧運用文書・handoff・task・設計・履歴
Docs/ai/tasks/T251_WINDOWS_TEMP_PERMISSION_INVESTIGATION.md	DELETE	55	旧運用文書・handoff・task・設計・履歴
Docs/ai/tasks/T252_PHASE6_REMAINING_FILESYSTEM_COMPLETION_TEST.md	DELETE	58	旧運用文書・handoff・task・設計・履歴
Docs/ai/tasks/T253_PHASE6_MANIFEST_SINGLE_PUBLICATION_REPAIR.md	DELETE	40	旧運用文書・handoff・task・設計・履歴
Docs/ai/tasks/T254_PHASE6_MANIFEST_REPAIR_INDEPENDENT_TEST.md	DELETE	36	旧運用文書・handoff・task・設計・履歴
Docs/ai/tasks/T255_PHASE6_DURABLE_PRIVATE_EVIDENCE.md	DELETE	48	旧運用文書・handoff・task・設計・履歴
Docs/ai/tasks/T256_PHASE6_RETENTION_ROUTE_INVESTIGATION.md	DELETE	31	旧運用文書・handoff・task・設計・履歴
Docs/ai/tasks/T257_PHASE6_RETENTION_BOUNDARY_REPAIR.md	DELETE	48	旧運用文書・handoff・task・設計・履歴
Docs/ai/tasks/T258_PHASE6_RETENTION_FAILURE_RECORD_REPAIR.md	DELETE	27	旧運用文書・handoff・task・設計・履歴
Docs/ai/tasks/T259_PHASE6_RETENTION_INDEPENDENT_TEST.md	DELETE	36	旧運用文書・handoff・task・設計・履歴
Docs/ai/tasks/T260_PHASE6_RETENTION_MANIFEST_FRESH_REVIEW.md	DELETE	39	旧運用文書・handoff・task・設計・履歴
Docs/ai/tasks/T261_PHASE6_FRESH_DURABLE_COMPLETION.md	DELETE	49	旧運用文書・handoff・task・設計・履歴
Docs/ai/tasks/T262_PHASE6_NEW_RAW_INDEPENDENT_VERIFICATION.md	DELETE	44	旧運用文書・handoff・task・設計・履歴
Docs/ai/tasks/T263_PHASE6_FULL_F_FRESH_REVIEW.md	DELETE	50	旧運用文書・handoff・task・設計・履歴
Docs/ai/tasks/T264_PHASE6_RAW_VERIFICATION_OUTER_ACL.md	DELETE	49	旧運用文書・handoff・task・設計・履歴
Docs/ai/tasks/T265_PHASE6_PRIVATE_REVIEW_PROCESSOR.md	DELETE	54	旧運用文書・handoff・task・設計・履歴
Docs/ai/tasks/T266_PHASE6_TOKENIZER_PROVENANCE_FOLLOWUP.md	DELETE	52	旧運用文書・handoff・task・設計・履歴
Docs/ai/tasks/T267_PHASE6_PRIVATE_REVIEW_INDEPENDENT_TEST.md	DELETE	48	旧運用文書・handoff・task・設計・履歴
Docs/ai/tasks/T268_PHASE6_STATIC_RELEASE_BINDING.md	DELETE	42	旧運用文書・handoff・task・設計・履歴
Docs/ai/tasks/T269_PHASE6_PROCESSOR_FAILURE_ROUTE.md	DELETE	39	旧運用文書・handoff・task・設計・履歴
Docs/ai/tasks/T270_PHASE6_PROCESSOR_BOUNDED_REPAIR.md	DELETE	48	旧運用文書・handoff・task・設計・履歴
Docs/ai/tasks/T271_PHASE6_METADATA_ENTRYPOINT_BOUNDARY.md	DELETE	43	旧運用文書・handoff・task・設計・履歴
Docs/ai/tasks/T272_PHASE6_G_FRESH_REVIEW.md	DELETE	34	旧運用文書・handoff・task・設計・履歴
Docs/ai/tasks/T273_PHASE6_H_IMPLEMENTATION_REVIEW.md	DELETE	36	旧運用文書・handoff・task・設計・履歴
Docs/ai/tasks/T274_PHASE6_AGGREGATE_FILENAME_REPAIR.md	DELETE	22	旧運用文書・handoff・task・設計・履歴
Docs/ai/tasks/T275_PHASE6_SYNTHETIC_MATRIX_AUDIT.md	DELETE	30	旧運用文書・handoff・task・設計・履歴
Docs/ai/tasks/T276_PHASE6_SINGLE_FILE_METADATA.md	DELETE	26	旧運用文書・handoff・task・設計・履歴
Docs/ai/tasks/T277_PHASE6_SYNTHETIC_TOKEN_CORPUS.md	DELETE	31	旧運用文書・handoff・task・設計・履歴
Docs/ai/tasks/T278_PHASE6_CO_FIXTURE_VISIBILITY.md	DELETE	19	旧運用文書・handoff・task・設計・履歴
Docs/ai/tasks/T279_PHASE6_PLATFORM_BOUNDARY_CLARIFICATION.md	DELETE	29	旧運用文書・handoff・task・設計・履歴
Docs/ai/tasks/T280_PHASE6_TEST_EVIDENCE_SUPPLEMENT.md	DELETE	29	旧運用文書・handoff・task・設計・履歴
Docs/ai/tasks/T281_PHASE6_CORPUS_BOUNDED_REPAIR.md	DELETE	25	旧運用文書・handoff・task・設計・履歴
Docs/ai/tasks/T282_PHASE6_PLATFORM_DESIGN_REVIEW.md	DELETE	29	旧運用文書・handoff・task・設計・履歴
Docs/ai/tasks/T283_PHASE6_EXACT_CONTENT_TOKEN_COUNT.md	DELETE	42	旧運用文書・handoff・task・設計・履歴
Docs/ai/tasks/T284_PHASE6_OUTPUT_BUDGET_SELECTION.md	DELETE	34	旧運用文書・handoff・task・設計・履歴
Docs/ai/tasks/T285_PHASE6_PLATFORM_VALIDATION_REPAIR.md	DELETE	28	旧運用文書・handoff・task・設計・履歴
Docs/ai/tasks/T286_PHASE6_BUDGET_SELECTION_REVIEW.md	DELETE	30	旧運用文書・handoff・task・設計・履歴
Docs/ai/tasks/T287_EXTERNAL_AUDIT_RECONCILIATION.md	DELETE	26	旧運用文書・handoff・task・設計・履歴
Docs/ai/tasks/T288_PRIVATE_DIAGNOSTIC_PROVENANCE_DESIGN.md	DELETE	31	旧運用文書・handoff・task・設計・履歴
Docs/ai/tasks/T289_PRIVATE_POPULATION_BOUNDARY_AUDIT.md	DELETE	26	旧運用文書・handoff・task・設計・履歴
Docs/ai/tasks/T290_PRIVATE_BOUNDARY_DESIGN_REVIEW.md	DELETE	21	旧運用文書・handoff・task・設計・履歴
Docs/ai/tasks/T291_PHASE6_REBASELINE_TECHNICAL_DESIGN.md	DELETE	23	旧運用文書・handoff・task・設計・履歴
Docs/ai/tasks/T292_PHASE6_REBASELINE_DESIGN_REVIEW.md	DELETE	28	旧運用文書・handoff・task・設計・履歴
Docs/ai/tasks/T293_PHASE6_REBASELINE_IMPLEMENTATION.md	DELETE	43	旧運用文書・handoff・task・設計・履歴
Docs/ai/tasks/T294_PHASE6_REBASELINE_INDEPENDENT_TEST.md	DELETE	39	旧運用文書・handoff・task・設計・履歴
Docs/ai/tasks/T295_PHASE6_REBASELINE_FRESH_REVIEW.md	DELETE	33	旧運用文書・handoff・task・設計・履歴
Docs/ai/tasks/T296_PHASE6_R03_PREFREEZE_REPAIR.md	DELETE	44	旧運用文書・handoff・task・設計・履歴
Docs/ai/tasks/T297_PHASE6_G1_PROFILE_COUNT.md	DELETE	31	旧運用文書・handoff・task・設計・履歴
Docs/ai/tasks/T298_PHASE6_MASTER_PLAN_REVIEW.md	DELETE	29	旧運用文書・handoff・task・設計・履歴
Docs/ai/tasks/T299_PHASE6_FROZEN_MASTER_RUN.md	DELETE	38	旧運用文書・handoff・task・設計・履歴
Docs/ai/tasks/T300_PHASE6_CLEAN_MASTER_RUN.md	DELETE	66	旧運用文書・handoff・task・設計・履歴
Docs/ai/tasks/T301_REVIEW_REPAIR_PLAN.md	DELETE	54	旧運用文書・handoff・task・設計・履歴
Docs/ai/tasks/T302_REPAIR_AND_RUN_REVIEW.md	DELETE	17	旧運用文書・handoff・task・設計・履歴
Docs/ai/tasks/T303_REPAIRED_MASTER_RUN.md	DELETE	56	旧運用文書・handoff・task・設計・履歴
Docs/ai/tasks/T304_STAGE_B_HUMAN_GATE.md	DELETE	41	旧運用文書・handoff・task・設計・履歴
Docs/ai/tasks/T304_STAGE_B_LAUNCH_CONDITIONS.md	DELETE	46	旧運用文書・handoff・task・設計・履歴
Docs/ai/tasks/T305_STAGE_B_DESIGN.md	DELETE	52	旧運用文書・handoff・task・設計・履歴
Docs/ai/tasks/T306_STAGE_B_DESIGN_REVIEW.md	DELETE	21	旧運用文書・handoff・task・設計・履歴
Docs/ai/tasks/T307_STAGE_B_EXECUTION.md	DELETE	42	旧運用文書・handoff・task・設計・履歴
Docs/ai/tasks/T308_STAGE_B_REVIEW.md	DELETE	18	旧運用文書・handoff・task・設計・履歴
Docs/ai/tasks/T309_CLAIM_CLEANUP_REPAIR.md	DELETE	16	旧運用文書・handoff・task・設計・履歴
Docs/ai/tasks/T309_PROVIDER_MEASUREMENT_GATE.md	DELETE	36	旧運用文書・handoff・task・設計・履歴
Docs/ai/tasks/T309_R09_REPAIR_PLAN.md	DELETE	18	旧運用文書・handoff・task・設計・履歴
Docs/ai/tasks/T310_R09_TIMEOUT_DESIGN.md	DELETE	14	旧運用文書・handoff・task・設計・履歴
Docs/ai/tasks/T311_R09_REVIEW.md	DELETE	12	旧運用文書・handoff・task・設計・履歴
Docs/ai/tasks/T312_R09_INDEPENDENT_TEST.md	DELETE	43	旧運用文書・handoff・task・設計・履歴
Docs/ai/tasks/T313_COMPLETION_TIMEOUT_INVESTIGATION.md	DELETE	16	旧運用文書・handoff・task・設計・履歴
Docs/ai/tasks/T314_CLAIM_CLEANUP_REVIEW.md	DELETE	16	旧運用文書・handoff・task・設計・履歴
Docs/ai/tasks/T315_CLAIM_CLEANUP_TEST.md	DELETE	18	旧運用文書・handoff・task・設計・履歴
Docs/ai/tasks/T316_STAGE_B_EXECUTION.md	DELETE	36	旧運用文書・handoff・task・設計・履歴
Docs/ai/tasks/T316_STAGE_B_LAUNCH_CONDITIONS.md	DELETE	51	旧運用文書・handoff・task・設計・履歴
Docs/ai/tasks/T316_STAGE_B_PREFLIGHT.md	DELETE	20	旧運用文書・handoff・task・設計・履歴
Docs/ai/tasks/T317_STAGE_B_FREEZE_REVISION.md	DELETE	16	旧運用文書・handoff・task・設計・履歴
Docs/ai/tasks/T318_STAGE_B_REVIEW.md	DELETE	20	旧運用文書・handoff・task・設計・履歴
Docs/ai/tasks/T319_R10_REPAIR.md	DELETE	24	旧運用文書・handoff・task・設計・履歴
Docs/ai/tasks/T320_R10_INVESTIGATION.md	DELETE	16	旧運用文書・handoff・task・設計・履歴
Docs/ai/tasks/T321_R10_REPAIR_DESIGN.md	DELETE	18	旧運用文書・handoff・task・設計・履歴
Docs/ai/tasks/T322_R10_FRESH_REVIEW.md	DELETE	18	旧運用文書・handoff・task・設計・履歴
Docs/ai/tasks/T323_R10_INDEPENDENT_TEST.md	DELETE	33	旧運用文書・handoff・task・設計・履歴
Docs/ai/tasks/T324_POST_R10_CONTINUATION_HOLD.md	DELETE	16	旧運用文書・handoff・task・設計・履歴
Docs/ai/tasks/T325_R11_REVIEW_REPAIR.md	DELETE	10	旧運用文書・handoff・task・設計・履歴
Docs/ai/tasks/T326_R11_OBSERVATION_DESIGN.md	DELETE	10	旧運用文書・handoff・task・設計・履歴
Docs/ai/tasks/T327_R11_FRESH_REVIEW.md	DELETE	10	旧運用文書・handoff・task・設計・履歴
Docs/ai/tasks/T328_STAGE_B_PREPARATION.md	DELETE	36	旧運用文書・handoff・task・設計・履歴
Docs/ai/tasks/T329_STAGE_B_FREEZE_REVISION.md	DELETE	10	旧運用文書・handoff・task・設計・履歴
Docs/ai/tasks/T330_STAGE_B_EXECUTION.md	DELETE	18	旧運用文書・handoff・task・設計・履歴
Docs/ai/tasks/T330_STAGE_B_LAUNCH_CONDITIONS.md	DELETE	31	旧運用文書・handoff・task・設計・履歴
Docs/ai/tasks/T330_STAGE_B_PREFLIGHT.md	DELETE	12	旧運用文書・handoff・task・設計・履歴
Docs/ai/tasks/T331_STAGE_B_FRESH_REVIEW.md	DELETE	12	旧運用文書・handoff・task・設計・履歴
Docs/ai/tasks/T331_STAGE_B_RESULT_REVIEW.md	DELETE	16	旧運用文書・handoff・task・設計・履歴
Docs/ai/tasks/T332_CLAUDE_TEST_RECONCILIATION.md	DELETE	14	旧運用文書・handoff・task・設計・履歴
Docs/ai/tasks/T333_CLAUDE_TEST_FRESH_REVIEW.md	DELETE	12	旧運用文書・handoff・task・設計・履歴
Docs/ai/tasks/T334_CLAUDE_REVIEW_BASELINE_TEST.md	DELETE	22	旧運用文書・handoff・task・設計・履歴
Docs/ai/tasks/T335_DIAGNOSTIC_DETAIL_DESIGN.md	DELETE	18	旧運用文書・handoff・task・設計・履歴
Docs/ai/tasks/T336_DIAGNOSTIC_IMPLEMENTATION.md	DELETE	25	旧運用文書・handoff・task・設計・履歴
Docs/ai/tasks/T337_R13_TEST_REPAIR_PLAN.md	DELETE	20	旧運用文書・handoff・task・設計・履歴
Docs/ai/tasks/T338_R13_DRAIN_TEST_INVESTIGATION.md	DELETE	12	旧運用文書・handoff・task・設計・履歴
Docs/ai/tasks/T339_R13_TEST_REPAIR_TEST.md	DELETE	18	旧運用文書・handoff・task・設計・履歴
Docs/ai/tasks/T340_R13_TEST_REPAIR_REVIEW.md	DELETE	10	旧運用文書・handoff・task・設計・履歴
Docs/ai/tasks/T341_R14_DOCUMENT_REPAIR.md	DELETE	23	旧運用文書・handoff・task・設計・履歴
Docs/ai/tasks/T342_R14_DOCUMENT_REVIEW.md	DELETE	12	旧運用文書・handoff・task・設計・履歴
Docs/ai/tasks/T343_STAGE_B_LAUNCH_CONDITIONS.md	DELETE	21	旧運用文書・handoff・task・設計・履歴
Docs/ai/tasks/T343_STAGE_B_RESUME.md	DELETE	18	旧運用文書・handoff・task・設計・履歴
Docs/ai/tasks/T344_STAGE_B_RUN.md	DELETE	20	旧運用文書・handoff・task・設計・履歴
Docs/ai/tasks/T345_STAGE_B_REVIEW.md	DELETE	14	旧運用文書・handoff・task・設計・履歴
Docs/ai/tasks/T346_STAGE_B_FREEZE_ADDENDUM.md	DELETE	14	旧運用文書・handoff・task・設計・履歴
Docs/ai/tasks/T347_SAMPLER_FAILURE_VERIFICATION.md	DELETE	16	旧運用文書・handoff・task・設計・履歴
Docs/ai/tasks/T348_SAMPLER_FAILURE_INVESTIGATION.md	DELETE	14	旧運用文書・handoff・task・設計・履歴
Docs/ai/tasks/T349_SAMPLER_FAILURE_TEST.md	DELETE	12	旧運用文書・handoff・task・設計・履歴
Docs/ai/tasks/T350_SAMPLER_FAILURE_REVIEW.md	DELETE	12	旧運用文書・handoff・task・設計・履歴
Docs/ai/tasks/T351_SAMPLER_REPAIR.md	DELETE	16	旧運用文書・handoff・task・設計・履歴
Docs/ai/tasks/T352_SAMPLER_REPAIR_DESIGN.md	DELETE	14	旧運用文書・handoff・task・設計・履歴
Docs/ai/tasks/T353_SAMPLER_REPAIR_REVIEW.md	DELETE	12	旧運用文書・handoff・task・設計・履歴
Docs/ai/tasks/T354_SAMPLER_REPAIR_TEST.md	DELETE	20	旧運用文書・handoff・task・設計・履歴
Docs/ai/tasks/T355_SAMPLER_BACKEND_IMPLEMENTATION.md	DELETE	12	旧運用文書・handoff・task・設計・履歴
Docs/ai/tasks/T356_R16_DOCUMENT_ADOPTION.md	DELETE	16	旧運用文書・handoff・task・設計・履歴
Docs/ai/tasks/T357_R16_DOCUMENT_REVIEW.md	DELETE	12	旧運用文書・handoff・task・設計・履歴
Docs/ai/tasks/T358_STAGE_B_RESUME.md	DELETE	16	旧運用文書・handoff・task・設計・履歴
Docs/ai/tasks/T359_STAGE_B_TEST.md	DELETE	16	旧運用文書・handoff・task・設計・履歴
Docs/ai/tasks/T360_STAGE_B_REVIEW.md	DELETE	16	旧運用文書・handoff・task・設計・履歴
Docs/ai/tasks/T361_STAGE_B_FREEZE_ADDENDUM.md	DELETE	16	旧運用文書・handoff・task・設計・履歴
Docs/ai/tasks/T362_R17_DISPOSITION.md	DELETE	12	旧運用文書・handoff・task・設計・履歴
Docs/ai/tasks/T363_REVIEWER_REUSE.md	DELETE	12	旧運用文書・handoff・task・設計・履歴
Docs/ai/tasks/T364_REUSED_REVIEWER.md	DELETE	16	旧運用文書・handoff・task・設計・履歴
Docs/ai/tasks/T365_RESUMED_STAGE_B_TEST.md	DELETE	16	旧運用文書・handoff・task・設計・履歴
Docs/ai/tasks/T366_FREEZE_CONTROL_REVISION.md	DELETE	14	旧運用文書・handoff・task・設計・履歴
Docs/ai/tasks/T367_GAME_LAUNCH_ADAPTER.md	DELETE	32	旧運用文書・handoff・task・設計・履歴
Docs/ai/tasks/T368_GAME_ADAPTER_ACL_INVESTIGATION.md	DELETE	14	旧運用文書・handoff・task・設計・履歴
Docs/ai/tasks/T369_PREPARATION_LABEL_REPAIR.md	DELETE	16	旧運用文書・handoff・task・設計・履歴
Docs/ai/tasks/T370_ADMISSION_CAPACITY_RECOVERY.md	DELETE	16	旧運用文書・handoff・task・設計・履歴
Docs/ai/tasks/T371_ADMISSION_CAPACITY_INVESTIGATION.md	DELETE	16	旧運用文書・handoff・task・設計・履歴
Docs/ai/tasks/T372_ADMISSION_RECOVERY_REVIEW.md	DELETE	14	旧運用文書・handoff・task・設計・履歴
Docs/ai/tasks/T373_ADMISSION_DEADLINE_DESIGN.md	DELETE	18	旧運用文書・handoff・task・設計・履歴
Docs/ai/tasks/T374_ADMISSION_DEADLINE_IMPLEMENTATION.md	DELETE	14	旧運用文書・handoff・task・設計・履歴
Docs/ai/tasks/T375_RECOVERY_VERIFICATION.md	DELETE	18	旧運用文書・handoff・task・設計・履歴
Docs/ai/tasks/T376_RECOVERY_EXECUTION_ADAPTER.md	DELETE	16	旧運用文書・handoff・task・設計・履歴
Docs/ai/tasks/T377_FREEZE_UNIQUENESS_REPAIR.md	DELETE	16	旧運用文書・handoff・task・設計・履歴
Docs/ai/tasks/T378_EXTERNAL_CONTRACT_RECOVERY.md	DELETE	46	旧運用文書・handoff・task・設計・履歴
Docs/ai/tasks/T379_EXTERNAL_EVIDENCE_INVESTIGATION.md	DELETE	19	旧運用文書・handoff・task・設計・履歴
Docs/ai/tasks/T380_OUTPUT_BUDGET_DESIGN.md	DELETE	18	旧運用文書・handoff・task・設計・履歴
Docs/ai/tasks/T381_EXTERNAL_RECOVERY_REVIEW.md	DELETE	14	旧運用文書・handoff・task・設計・履歴
Docs/ai/tasks/T382_QUALITY_IMPLEMENTATION.md	DELETE	26	旧運用文書・handoff・task・設計・履歴
Docs/ai/tasks/T383_QUALITY_VERIFICATION.md	DELETE	24	旧運用文書・handoff・task・設計・履歴
Docs/ai/tasks/T384_REACTION_REGRESSION_INVESTIGATION.md	DELETE	14	旧運用文書・handoff・task・設計・履歴
Docs/ai/tasks/T385_AGENT_CONTEXT_REVISION.md	DELETE	31	旧運用文書・handoff・task・設計・履歴
Docs/ai/tasks/T386_AGENT_CONTEXT_REVIEW.md	DELETE	28	旧運用文書・handoff・task・設計・履歴
Docs/ai/tasks/T387_LOGICAL_GAME_CLOCK.md	DELETE	39	旧運用文書・handoff・task・設計・履歴
Docs/ai/tasks/T388_LOGICAL_CLOCK_REVIEW.md	DELETE	30	旧運用文書・handoff・task・設計・履歴
Docs/ai/tasks/T389_LOGICAL_CLOCK_ACCEPTANCE.md	DELETE	54	旧運用文書・handoff・task・設計・履歴
Docs/ai/tasks/T390_LOGICAL_CLOCK_GAME_REVIEW.md	DELETE	44	旧運用文書・handoff・task・設計・履歴
Docs/ai/tasks/T391_GPU_MONITOR.md	DELETE	30	旧運用文書・handoff・task・設計・履歴
Docs/ai/tasks/T392_AUDIT_ATTEMPT_IDENTITY.md	DELETE	30	旧運用文書・handoff・task・設計・履歴
Docs/ai/tasks/T393_AUDIT_IDENTITY_REVIEW.md	DELETE	28	旧運用文書・handoff・task・設計・履歴
Docs/ai/tasks/T394_QUALITY_CAUSE.md	DELETE	34	旧運用文書・handoff・task・設計・履歴
Docs/ai/tasks/T395_COMPLETION_BUDGET_DESIGN.md	DELETE	34	旧運用文書・handoff・task・設計・履歴
Docs/ai/tasks/T396_ENGLISH_QUALITY_REPAIR.md	DELETE	35	旧運用文書・handoff・task・設計・履歴
Docs/ai/tasks/T397_QUALITY_GROUNDING_DESIGN.md	DELETE	43	旧運用文書・handoff・task・設計・履歴
Docs/ai/tasks/T398_QUALITY_REVIEW.md	DELETE	31	旧運用文書・handoff・task・設計・履歴
Docs/ai/tasks/T399_SHORT_QUALITY_SMOKE.md	DELETE	54	旧運用文書・handoff・task・設計・履歴
Docs/ai/tasks/T400_CORRECTED_QUALITY_SMOKE.md	DELETE	37	旧運用文書・handoff・task・設計・履歴
Docs/ai/tasks/T401_DAYTIME_QUALITY_SMOKE.md	DELETE	35	旧運用文書・handoff・task・設計・履歴
Docs/ai/tasks/T402_SMOKE_PROMPT_REPAIR.md	DELETE	27	旧運用文書・handoff・task・設計・履歴
Docs/ai/tasks/T404_APPROVED_PROMPT_SMOKE.md	DELETE	37	旧運用文書・handoff・task・設計・履歴
Docs/ai/tasks/T405_BOUNDED_NIGHT_IMPROVEMENT.md	DELETE	41	旧運用文書・handoff・task・設計・履歴
Docs/ai/tasks/T406_CONTEXT_AND_SYNTHETIC_SUITE.md	DELETE	33	旧運用文書・handoff・task・設計・履歴
Docs/ai/tasks/T407_SYNTHETIC_MEASUREMENT.md	DELETE	26	旧運用文書・handoff・task・設計・履歴
Docs/ai/tasks/T408_STRUCTURE_ONLY_PROBE.md	DELETE	22	旧運用文書・handoff・task・設計・履歴
Docs/ai/tasks/T409_STRUCTURE_ONLY_MEASUREMENT.md	DELETE	20	旧運用文書・handoff・task・設計・履歴
Docs/ai/tasks/T410_CI_CLEANUP.md	DELETE	25	旧運用文書・handoff・task・設計・履歴
Docs/ai/tasks/T411_CI_WINDOWS_INVESTIGATION.md	DELETE	17	旧運用文書・handoff・task・設計・履歴
Docs/ai/tasks/T412_CI_REVIEW.md	DELETE	23	旧運用文書・handoff・task・設計・履歴
Docs/ai/tasks/T413_PY310_TIMEOUT_DESIGN.md	DELETE	19	旧運用文書・handoff・task・設計・履歴
Docs/ai/tasks/T414_CI_COMPLETION_MEASUREMENT.md	DELETE	19	旧運用文書・handoff・task・設計・履歴
Docs/ai/tasks/T415_CI_PRIVATE_MEASUREMENT.md	DELETE	19	旧運用文書・handoff・task・設計・履歴
Docs/ai/tasks/T416_CI_COMPLETION_LIFECYCLE_DESIGN.md	DELETE	23	旧運用文書・handoff・task・設計・履歴
Docs/ai/tasks/T417_CI_FIRST_SPEAKER_FIXTURE.md	DELETE	38	旧運用文書・handoff・task・設計・履歴
Docs/ai/tasks/T418_CI_COMPLETION_MEASUREMENT.md	DELETE	30	旧運用文書・handoff・task・設計・履歴
Docs/ai/tasks/T419_CI_REACTION_EXIT_INVESTIGATION.md	DELETE	29	旧運用文書・handoff・task・設計・履歴
Docs/ai/tasks/T420_CI_REACTION_DIAGNOSTIC_MEASUREMENT.md	DELETE	29	旧運用文書・handoff・task・設計・履歴
Docs/ai/tasks/T421_CI_SCHEMA_MEASUREMENT.md	DELETE	35	旧運用文書・handoff・task・設計・履歴
Docs/ai/tasks/T422_CI_COMPLETION_RACE.md	DELETE	28	旧運用文書・handoff・task・設計・履歴
Docs/ai/tasks/T423_LOCAL_MODEL_PATHS.md	DELETE	23	旧運用文書・handoff・task・設計・履歴
Docs/ai/tasks/T424_MODEL_COMPARISON.md	DELETE	29	旧運用文書・handoff・task・設計・履歴
Docs/ai/tasks/T425_MODEL_COMPARISON.md	DELETE	20	旧運用文書・handoff・task・設計・履歴
Docs/ai/tasks/T426_MODEL_COMPARISON.md	DELETE	19	旧運用文書・handoff・task・設計・履歴
Docs/ai/tasks/T427_MODEL_COMPARISON.md	DELETE	23	旧運用文書・handoff・task・設計・履歴
Docs/ai/tasks/T428_MODEL_COMPARISON.md	DELETE	46	旧運用文書・handoff・task・設計・履歴
Docs/ai/tasks/T429_DOC_VOLUME_REDUCTION.md	DELETE	85	旧運用文書・handoff・task・設計・履歴
Docs/ai/tasks/T430_NONE_REASON_PROBE.md	DELETE	31	旧運用文書・handoff・task・設計・履歴
Docs/ai/tasks/T431_NONE_REASON_DESIGN.md	DELETE	26	旧運用文書・handoff・task・設計・履歴
Docs/ai/tasks/T432_NONE_REASON_REVIEW.md	DELETE	24	旧運用文書・handoff・task・設計・履歴
Docs/ai/tasks/T433_NONE_REASON_MEASUREMENT.md	DELETE	35	旧運用文書・handoff・task・設計・履歴
Docs/ai/tasks/T434_SCHEMA_ORDER_DESIGN.md	DELETE	29	旧運用文書・handoff・task・設計・履歴
Docs/ai/tasks/T435_SCHEMA_ORDER_MEASUREMENT.md	DELETE	33	旧運用文書・handoff・task・設計・履歴
Docs/ai/tasks/TEMPLATE.md	DELETE	22	旧運用文書・handoff・task・設計・履歴
EXTERNAL_REVIEW_2026-09-14_PHASE6_HARNESS.md	DELETE	619	旧運用の外部レビュー記録
EXTERNAL_REVIEW_LOG.md	DELETE	4540	旧運用の外部レビュー記録
PHASE6_DIAGNOSTIC_REPAIR_PROPOSAL.md	DELETE	323	旧Phase6の方向転換・修正提案
PHASE6_REDIRECTION_INSTRUCTION.md	DELETE	347	旧Phase6の方向転換・修正提案
README.md	EDIT	166	現状・起動方法・構成を書き直し
ai_client/__init__.py	DELETE	231	AI側は作り直す（必要ならタグから network/world を復元）
ai_client/_compat.py	DELETE	87	AI側は作り直す（必要ならタグから network/world を復元）
ai_client/brain/__init__.py	DELETE	71	AI側は作り直す（必要ならタグから network/world を復元）
ai_client/brain/controller.py	DELETE	1975	AI側は作り直す（必要ならタグから network/world を復元）
ai_client/brain/coordinator.py	DELETE	100	AI側は作り直す（必要ならタグから network/world を復元）
ai_client/brain/dummy.py	DELETE	30	AI側は作り直す（必要ならタグから network/world を復元）
ai_client/brain/interface.py	DELETE	12	AI側は作り直す（必要ならタグから network/world を復元）
ai_client/brain/invocation.py	DELETE	1815	AI側は作り直す（必要ならタグから network/world を復元）
ai_client/brain/model.py	DELETE	405	AI側は作り直す（必要ならタグから network/world を復元）
ai_client/discussion/__init__.py	DELETE	169	AI側は作り直す（必要ならタグから network/world を復元）
ai_client/discussion/context.py	DELETE	1323	AI側は作り直す（必要ならタグから network/world を復元）
ai_client/discussion/model.py	DELETE	1532	AI側は作り直す（必要ならタグから network/world を復元）
ai_client/discussion/projection.py	DELETE	1087	AI側は作り直す（必要ならタグから network/world を復元）
ai_client/discussion/state.py	DELETE	1631	AI側は作り直す（必要ならタグから network/world を復元）
ai_client/discussion/transaction.py	DELETE	666	AI側は作り直す（必要ならタグから network/world を復元）
ai_client/game_time.py	DELETE	48	AI側は作り直す（必要ならタグから network/world を復元）
ai_client/llm/__init__.py	DELETE	138	AI側は作り直す（必要ならタグから network/world を復元）
ai_client/llm/admission_broker.py	DELETE	1708	AI側は作り直す（必要ならタグから network/world を復元）
ai_client/llm/admission_client.py	DELETE	1249	AI側は作り直す（必要ならタグから network/world を復元）
ai_client/llm/admission_metrics.py	DELETE	389	AI側は作り直す（必要ならタグから network/world を復元）
ai_client/llm/admission_types.py	DELETE	295	AI側は作り直す（必要ならタグから network/world を復元）
ai_client/llm/audit.py	DELETE	346	AI側は作り直す（必要ならタグから network/world を復元）
ai_client/llm/backend.py	DELETE	587	AI側は作り直す（必要ならタグから network/world を復元）
ai_client/llm/brain.py	DELETE	793	AI側は作り直す（必要ならタグから network/world を復元）
ai_client/llm/config.py	DELETE	101	AI側は作り直す（必要ならタグから network/world を復元）
ai_client/llm/decision.py	DELETE	642	AI側は作り直す（必要ならタグから network/world を復元）
ai_client/llm/prompt.py	DELETE	622	AI側は作り直す（必要ならタグから network/world を復元）
ai_client/llm/types.py	DELETE	1409	AI側は作り直す（必要ならタグから network/world を復元）
ai_client/network/__init__.py	DELETE	103	AI側は作り直す（必要ならタグから network/world を復元）
ai_client/network/client.py	DELETE	1308	AI側は作り直す（必要ならタグから network/world を復元）
ai_client/network/credentials.py	DELETE	82	AI側は作り直す（必要ならタグから network/world を復元）
ai_client/network/protocol.py	DELETE	275	AI側は作り直す（必要ならタグから network/world を復元）
ai_client/network/state.py	DELETE	178	AI側は作り直す（必要ならタグから network/world を復元）
ai_client/network/types.py	DELETE	601	AI側は作り直す（必要ならタグから network/world を復元）
ai_client/reaction_chat/__init__.py	DELETE	50	AI側は作り直す（必要ならタグから network/world を復元）
ai_client/reaction_chat/controller.py	DELETE	1931	AI側は作り直す（必要ならタグから network/world を復元）
ai_client/reaction_chat/frequency.py	DELETE	308	AI側は作り直す（必要ならタグから network/world を復元）
ai_client/reaction_chat/randomness.py	DELETE	81	AI側は作り直す（必要ならタグから network/world を復元）
ai_client/reaction_chat/types.py	DELETE	316	AI側は作り直す（必要ならタグから network/world を復元）
ai_client/runtime.py	DELETE	1196	AI側は作り直す（必要ならタグから network/world を復元）
ai_client/vote_ability/__init__.py	DELETE	27	AI側は作り直す（必要ならタグから network/world を復元）
ai_client/vote_ability/controller.py	DELETE	1009	AI側は作り直す（必要ならタグから network/world を復元）
ai_client/vote_ability/selection.py	DELETE	192	AI側は作り直す（必要ならタグから network/world を復元）
ai_client/vote_ability/types.py	DELETE	292	AI側は作り直す（必要ならタグから network/world を復元）
ai_client/world/__init__.py	DELETE	98	AI側は作り直す（必要ならタグから network/world を復元）
ai_client/world/memory.py	DELETE	190	AI側は作り直す（必要ならタグから network/world を復元）
ai_client/world/model.py	DELETE	638	AI側は作り直す（必要ならタグから network/world を復元）
ai_client/world/reducer.py	DELETE	634	AI側は作り直す（必要ならタグから network/world を復元）
ai_client/world/service.py	DELETE	516	AI側は作り直す（必要ならタグから network/world を復元）
ai_client/world/transport.py	DELETE	65	AI側は作り直す（必要ならタグから network/world を復元）
content/chat_channels.yaml	KEEP	36	役職・プリセットのデータ
content/death_causes.yaml	KEEP	15	役職・プリセットのデータ
content/effects.yaml	KEEP	15	役職・プリセットのデータ
content/passives.yaml	KEEP	7	役職・プリセットのデータ
content/presets/standard_9.yaml	KEEP	55	役職・プリセットのデータ
content/restriction_types.yaml	KEEP	5	役職・プリセットのデータ
content/roles/baker.yaml	KEEP	19	役職・プリセットのデータ
content/roles/fanatic.yaml	KEEP	14	役職・プリセットのデータ
content/roles/fox.yaml	KEEP	17	役職・プリセットのデータ
content/roles/greedy_werewolf.yaml	KEEP	41	役職・プリセットのデータ
content/roles/guard.yaml	KEEP	29	役職・プリセットのデータ
content/roles/madman.yaml	KEEP	14	役職・プリセットのデータ
content/roles/medium.yaml	KEEP	26	役職・プリセットのデータ
content/roles/nekomata.yaml	KEEP	30	役職・プリセットのデータ
content/roles/seer.yaml	KEEP	25	役職・プリセットのデータ
content/roles/villager.yaml	KEEP	11	役職・プリセットのデータ
content/roles/werewolf.yaml	KEEP	26	役職・プリセットのデータ
content/roles/whispering_madman.yaml	KEEP	14	役職・プリセットのデータ
content/roles/wise_werewolf.yaml	KEEP	29	役職・プリセットのデータ
content/selectors.yaml	KEEP	11	役職・プリセットのデータ
content/teams.yaml	KEEP	32	役職・プリセットのデータ
content/timings.yaml	KEEP	4	役職・プリセットのデータ
protocol/aiwolf-v1.1.schema.json	KEEP	869	プロトコル定義（v1.1が現役、v1は旧版として保持）
protocol/aiwolf-v1.schema.json	KEEP	810	プロトコル定義（v1.1が現役、v1は旧版として保持）
pyproject.toml	EDIT	31	packagesとpytest markerを新構成に合わせる
scripts/ai_status.py	DELETE	581	旧runner・Phase6実験・運用スクリプト
scripts/check_docs.py	DELETE	796	旧runner・Phase6実験・運用スクリプト
scripts/ci_private_summary.py	DELETE	139	旧runner・Phase6実験・運用スクリプト
scripts/monitor_phase6_gpu.py	DELETE	169	旧runner・Phase6実験・運用スクリプト
scripts/phase6_context_probe.py	DELETE	163	旧runner・Phase6実験・運用スクリプト
scripts/phase6_conversation_suite.py	DELETE	255	旧runner・Phase6実験・運用スクリプト
scripts/phase6_model_comparison.py	DELETE	634	旧runner・Phase6実験・運用スクリプト
scripts/phase6_none_reason_probe.py	DELETE	92	旧runner・Phase6実験・運用スクリプト
scripts/phase6_private_review.py	DELETE	753	旧runner・Phase6実験・運用スクリプト
scripts/phase6_schema_order_probe.py	DELETE	33	旧runner・Phase6実験・運用スクリプト
scripts/phase6_suite_report.py	DELETE	87	旧runner・Phase6実験・運用スクリプト
scripts/run_long_regression.py	DELETE	270	旧runner・Phase6実験・運用スクリプト
scripts/run_phase4_local_smoke.py	DELETE	454	旧runner・Phase6実験・運用スクリプト
scripts/run_phase5_local_smoke.py	DELETE	4864	旧runner・Phase6実験・運用スクリプト
server/__init__.py	KEEP	1	ゲームコア・ネットワークサーバ（テスト通過を確認済み）
server/aiwolf_core/__init__.py	KEEP	63	ゲームコア・ネットワークサーバ（テスト通過を確認済み）
server/aiwolf_core/action_constraints.py	KEEP	163	ゲームコア・ネットワークサーバ（テスト通過を確認済み）
server/aiwolf_core/actions.py	KEEP	458	ゲームコア・ネットワークサーバ（テスト通過を確認済み）
server/aiwolf_core/available_actions.py	KEEP	82	ゲームコア・ネットワークサーバ（テスト通過を確認済み）
server/aiwolf_core/capabilities.py	KEEP	91	ゲームコア・ネットワークサーバ（テスト通過を確認済み）
server/aiwolf_core/clock.py	KEEP	11	ゲームコア・ネットワークサーバ（テスト通過を確認済み）
server/aiwolf_core/content.py	KEEP	1255	ゲームコア・ネットワークサーバ（テスト通過を確認済み）
server/aiwolf_core/death.py	KEEP	197	ゲームコア・ネットワークサーバ（テスト通過を確認済み）
server/aiwolf_core/events.py	KEEP	121	ゲームコア・ネットワークサーバ（テスト通過を確認済み）
server/aiwolf_core/game.py	KEEP	359	ゲームコア・ネットワークサーバ（テスト通過を確認済み）
server/aiwolf_core/interactions.py	KEEP	172	ゲームコア・ネットワークサーバ（テスト通過を確認済み）
server/aiwolf_core/models.py	KEEP	519	ゲームコア・ネットワークサーバ（テスト通過を確認済み）
server/aiwolf_core/phase.py	KEEP	272	ゲームコア・ネットワークサーバ（テスト通過を確認済み）
server/aiwolf_core/rejections.py	KEEP	41	ゲームコア・ネットワークサーバ（テスト通過を確認済み）
server/aiwolf_core/state.py	KEEP	223	ゲームコア・ネットワークサーバ（テスト通過を確認済み）
server/aiwolf_core/sudden_death.py	KEEP	36	ゲームコア・ネットワークサーバ（テスト通過を確認済み）
server/aiwolf_core/targets.py	KEEP	114	ゲームコア・ネットワークサーバ（テスト通過を確認済み）
server/aiwolf_core/views.py	KEEP	138	ゲームコア・ネットワークサーバ（テスト通過を確認済み）
server/aiwolf_core/voting.py	KEEP	298	ゲームコア・ネットワークサーバ（テスト通過を確認済み）
server/aiwolf_core/wins.py	KEEP	173	ゲームコア・ネットワークサーバ（テスト通過を確認済み）
server/network/__init__.py	KEEP	24	ゲームコア・ネットワークサーバ（テスト通過を確認済み）
server/network/delivery.py	KEEP	176	ゲームコア・ネットワークサーバ（テスト通過を確認済み）
server/network/protocol.py	KEEP	132	ゲームコア・ネットワークサーバ（テスト通過を確認済み）
server/network/server.py	KEEP	247	ゲームコア・ネットワークサーバ（テスト通過を確認済み）
server/network/session.py	KEEP	589	ゲームコア・ネットワークサーバ（テスト通過を確認済み）
tests/__init__.py	KEEP	1	サーバ・プロトコルのテスト
tests/conftest.py	EDIT	61	completion markerをPhase2完了テストだけに縮小
tests/fixtures/ci_schema_contract_hashes.json	DELETE	18	AIクライアント・旧runner・旧運用ツールのテスト
tests/fixtures/completion_clock.py	DELETE	52	AIクライアント・旧runner・旧運用ツールのテスト
tests/fixtures/completion_diagnostics.py	DELETE	159	AIクライアント・旧runner・旧運用ツールのテスト
tests/fixtures/completion_evidence.py	DELETE	788	AIクライアント・旧runner・旧運用ツールのテスト
tests/fixtures/completion_process.py	DELETE	145	AIクライアント・旧runner・旧運用ツールのテスト
tests/fixtures/network_dummy_client.py	KEEP	248	サーバ・プロトコルのテスト
tests/fixtures/phase3_1_network_client_process.py	DELETE	453	AIクライアント・旧runner・旧運用ツールのテスト
tests/fixtures/phase3_2_world_client_process.py	DELETE	264	AIクライアント・旧runner・旧運用ツールのテスト
tests/fixtures/phase3_3_brain_client_process.py	DELETE	184	AIクライアント・旧runner・旧運用ツールのテスト
tests/fixtures/phase3_4_reaction_brain.py	DELETE	55	AIクライアント・旧runner・旧運用ツールのテスト
tests/fixtures/phase3_4_reaction_client_process.py	DELETE	331	AIクライアント・旧runner・旧運用ツールのテスト
tests/fixtures/phase3_5_brain.py	DELETE	36	AIクライアント・旧runner・旧運用ツールのテスト
tests/fixtures/phase3_5_client_process.py	DELETE	383	AIクライアント・旧runner・旧運用ツールのテスト
tests/fixtures/phase3_5_evidence.py	DELETE	59	AIクライアント・旧runner・旧運用ツールのテスト
tests/fixtures/phase4_client_process.py	DELETE	574	AIクライアント・旧runner・旧運用ツールのテスト
tests/fixtures/phase4_fake_backend.py	DELETE	133	AIクライアント・旧runner・旧運用ツールのテスト
tests/fixtures/phase5_broker_process.py	DELETE	177	AIクライアント・旧runner・旧運用ツールのテスト
tests/fixtures/phase5_client_process.py	DELETE	401	AIクライアント・旧runner・旧運用ツールのテスト
tests/fixtures/phase5_deterministic_backend.py	DELETE	166	AIクライアント・旧runner・旧運用ツールのテスト
tests/fixtures/phase5_server_process.py	DELETE	324	AIクライアント・旧runner・旧運用ツールのテスト
tests/fixtures/phase6_conversation_cases.py	DELETE	163	AIクライアント・旧runner・旧運用ツールのテスト
tests/fixtures/phase6_evidence.py	DELETE	94	AIクライアント・旧runner・旧運用ツールのテスト
tests/fixtures/phase6_private_review_vectors.json	DELETE	1	AIクライアント・旧runner・旧運用ツールのテスト
tests/fixtures/phase6_semantic_backend.py	DELETE	79	AIクライアント・旧runner・旧運用ツールのテスト
tests/fixtures/phase_attempt_barrier.py	DELETE	28	AIクライアント・旧runner・旧運用ツールのテスト
tests/fixtures/reaction_chat_evidence.py	DELETE	57	AIクライアント・旧runner・旧運用ツールのテスト
tests/fixtures/reaction_frontier.py	DELETE	124	AIクライアント・旧runner・旧運用ツールのテスト
tests/fixtures/reservation_probe.py	DELETE	126	AIクライアント・旧runner・旧運用ツールのテスト
tests/test_action_resolver.py	KEEP	667	サーバ・プロトコルのテスト
tests/test_ai_status.py	DELETE	773	AIクライアント・旧runner・旧運用ツールのテスト
tests/test_asyncio_timeout_compat.py	DELETE	200	AIクライアント・旧runner・旧運用ツールのテスト
tests/test_available_actions.py	KEEP	252	サーバ・プロトコルのテスト
tests/test_ci_private_summary.py	DELETE	148	AIクライアント・旧runner・旧運用ツールのテスト
tests/test_ci_schema_sharing.py	DELETE	128	AIクライアント・旧runner・旧運用ツールのテスト
tests/test_ci_unstarted_stale.py	DELETE	251	AIクライアント・旧runner・旧運用ツールのテスト
tests/test_completion_barrier_clock.py	DELETE	35	AIクライアント・旧runner・旧運用ツールのテスト
tests/test_completion_diagnostics.py	DELETE	114	AIクライアント・旧runner・旧運用ツールのテスト
tests/test_content_models.py	KEEP	732	サーバ・プロトコルのテスト
tests/test_game_state.py	KEEP	259	サーバ・プロトコルのテスト
tests/test_logical_game_clock.py	DELETE	208	AIクライアント・旧runner・旧運用ツールのテスト
tests/test_long_regression.py	DELETE	37	AIクライアント・旧runner・旧運用ツールのテスト
tests/test_network_review_regressions.py	KEEP	243	サーバ・プロトコルのテスト
tests/test_network_sessions.py	KEEP	1409	サーバ・プロトコルのテスト
tests/test_phase1_completion.py	KEEP	313	サーバ・プロトコルのテスト
tests/test_phase2_completion.py	KEEP	245	サーバ・プロトコルのテスト
tests/test_phase3_1_completion.py	DELETE	1211	AIクライアント・旧runner・旧運用ツールのテスト
tests/test_phase3_1_network_client.py	DELETE	2383	AIクライアント・旧runner・旧運用ツールのテスト
tests/test_phase3_2_completion.py	DELETE	375	AIクライアント・旧runner・旧運用ツールのテスト
tests/test_phase3_2_world_state.py	DELETE	1013	AIクライアント・旧runner・旧運用ツールのテスト
tests/test_phase3_3_brain_interface.py	DELETE	907	AIクライアント・旧runner・旧運用ツールのテスト
tests/test_phase3_3_completion.py	DELETE	310	AIクライアント・旧runner・旧運用ツールのテスト
tests/test_phase3_4_completion.py	DELETE	618	AIクライアント・旧runner・旧運用ツールのテスト
tests/test_phase3_4_reaction_chat.py	DELETE	1566	AIクライアント・旧runner・旧運用ツールのテスト
tests/test_phase3_5_completion.py	DELETE	856	AIクライアント・旧runner・旧運用ツールのテスト
tests/test_phase3_5_vote_ability_controller.py	DELETE	687	AIクライアント・旧runner・旧運用ツールのテスト
tests/test_phase4_ai_audit.py	DELETE	397	AIクライアント・旧runner・旧運用ツールのテスト
tests/test_phase4_completion.py	DELETE	504	AIクライアント・旧runner・旧運用ツールのテスト
tests/test_phase4_llm_backend.py	DELETE	912	AIクライアント・旧runner・旧運用ツールのテスト
tests/test_phase4_llm_brain.py	DELETE	1009	AIクライアント・旧runner・旧運用ツールのテスト
tests/test_phase4_llm_contracts.py	DELETE	593	AIクライアント・旧runner・旧運用ツールのテスト
tests/test_phase5_brain_admission.py	DELETE	2587	AIクライアント・旧runner・旧運用ツールのテスト
tests/test_phase5_completion.py	DELETE	1115	AIクライアント・旧runner・旧運用ツールのテスト
tests/test_phase5_generation_admission.py	DELETE	1883	AIクライアント・旧runner・旧運用ツールのテスト
tests/test_phase5_local_smoke.py	DELETE	3002	AIクライアント・旧runner・旧運用ツールのテスト
tests/test_phase5_short_chat.py	DELETE	859	AIクライアント・旧runner・旧運用ツールのテスト
tests/test_phase5_speaking_frequency.py	DELETE	1057	AIクライアント・旧runner・旧運用ツールのテスト
tests/test_phase6_audit_identity.py	DELETE	57	AIクライアント・旧runner・旧運用ツールのテスト
tests/test_phase6_conversation_suite.py	DELETE	211	AIクライアント・旧runner・旧運用ツールのテスト
tests/test_phase6_discussion_context.py	DELETE	1076	AIクライアント・旧runner・旧運用ツールのテスト
tests/test_phase6_discussion_state.py	DELETE	2414	AIクライアント・旧runner・旧運用ツールのテスト
tests/test_phase6_discussion_transaction.py	DELETE	3469	AIクライアント・旧runner・旧運用ツールのテスト
tests/test_phase6_evidence_retention.py	DELETE	226	AIクライアント・旧runner・旧運用ツールのテスト
tests/test_phase6_fixture_repetition.py	DELETE	38	AIクライアント・旧runner・旧運用ツールのテスト
tests/test_phase6_gpu_monitor.py	DELETE	96	AIクライアント・旧runner・旧運用ツールのテスト
tests/test_phase6_memory_projection.py	DELETE	779	AIクライアント・旧runner・旧運用ツールのテスト
tests/test_phase6_model_comparison.py	DELETE	245	AIクライアント・旧runner・旧運用ツールのテスト
tests/test_phase6_none_reason_probe.py	DELETE	225	AIクライアント・旧runner・旧運用ツールのテスト
tests/test_phase6_pre_vote_reassessment.py	DELETE	1320	AIクライアント・旧runner・旧運用ツールのテスト
tests/test_phase6_private_review.py	DELETE	867	AIクライアント・旧runner・旧運用ツールのテスト
tests/test_phase6_quality_grounding.py	DELETE	441	AIクライアント・旧runner・旧運用ツールのテスト
tests/test_phase6_reaction_semantics.py	DELETE	1221	AIクライアント・旧runner・旧運用ツールのテスト
tests/test_phase6_runtime.py	DELETE	2064	AIクライアント・旧runner・旧運用ツールのテスト
tests/test_phase6_schema_order_probe.py	DELETE	261	AIクライアント・旧runner・旧運用ツールのテスト
tests/test_phase6_semantic_completion.py	DELETE	1060	AIクライアント・旧runner・旧運用ツールのテスト
tests/test_phase6_semantic_output.py	DELETE	1514	AIクライアント・旧runner・旧運用ツールのテスト
tests/test_phase_attempt_barrier.py	DELETE	31	AIクライアント・旧runner・旧運用ツールのテスト
tests/test_phase_manager.py	KEEP	310	サーバ・プロトコルのテスト
tests/test_player_interactions.py	KEEP	513	サーバ・プロトコルのテスト
tests/test_protocol_schema.py	KEEP	267	サーバ・プロトコルのテスト
tests/test_reaction_frontier.py	DELETE	133	AIクライアント・旧runner・旧運用ツールのテスト
tests/test_rejections.py	KEEP	22	サーバ・プロトコルのテスト
tests/test_reservation_probe.py	DELETE	159	AIクライアント・旧runner・旧運用ツールのテスト
tests/test_runtime_capabilities.py	KEEP	77	サーバ・プロトコルのテスト
tests/test_state_delivery.py	KEEP	379	サーバ・プロトコルのテスト
tests/test_voting.py	KEEP	445	サーバ・プロトコルのテスト
tests/test_win_evaluator.py	KEEP	187	サーバ・プロトコルのテスト
